,Name,Score,Price,Pets,Link
0,El Avenida Palace,8.8,€ 111,"
Pets are allowed. Charges may be applicable.
",https://www.booking.com/hotel/es/w-barcelona.en-gb.html
1,W Barcelona,8.5,€ 256,"
Pets are not allowed.
",https://www.booking.com/hotel/es/negresco-princess.en-gb.html
2,Negresco Princess 4* Sup,8.3,€ 77,"
Pets are not allowed.
",https://www.booking.com/hotel/es/h10-cubik.en-gb.html
3,Novotel Barcelona City,8.3,€ 69,"
Free!
Pets are allowed on request. No extra charges.
",https://www.booking.com/hotel/es/avenidapalace.en-gb.html
4,Ayre Hotel Rosellón,8.8,€ 74,"
Pets are allowed on request. Charges may be applicable.
",https://www.booking.com/hotel/es/diagonal-zero.en-gb.html
5,H10 Cubik 4* Sup,9.2,€ 137,"
Pets are not allowed.
",https://www.booking.com/hotel/es/ciutat-de-barcelona.en-gb.html
6,Hotel SB Icaria Barcelona,8.0,€ 92,"
Pets are not allowed.
",https://www.booking.com/hotel/es/ayre-rosellon.en-gb.html
7,Hotel Barcelona 1882,-1,€ 666666,"
Pets are allowed on request. Charges may be applicable.
",https://www.booking.com/hotel/es/sbicaria.en-gb.html
8,Wilson Boutique Hotel,8.7,€ 90,"
Pets are not allowed.
",https://www.booking.com/hotel/es/ohla.en-gb.html
9,Aparthotel Bcn Montjuic,8.3,€ 82,"
Pets are allowed. Charges may be applicable.
",https://www.booking.com/hotel/es/sb-glow-4-sup.en-gb.html
10,Hotel SB Diagonal Zero Barcelona 4* Sup,7.9,€ 132,"
Pets are not allowed.
",https://www.booking.com/hotel/es/h10-port-vell.en-gb.html
11,H10 Casa Mimosa 4* Sup,9.4,€ 134,"
Pets are not allowed.
",https://www.booking.com/hotel/es/h10-casa-mimosa.en-gb.html
12,Travelodge Barcelona Poblenou,8.0,€ 62,"
Pets are allowed on request. Charges may be applicable.
",https://www.booking.com/hotel/es/novotel-barcelona-city.en-gb.html
13,Hotel Arts Barcelona,8.5,€ 302,"
Pets are allowed. Charges may be applicable.
",https://www.booking.com/hotel/es/travelodge-barcelona-poblenou.en-gb.html
14,Kimpton Vividora Hotel,8.9,€ 139,"
Pets are not allowed.
",https://www.booking.com/hotel/es/barcelo-atenea-mar.en-gb.html
15,Ciutat de Barcelona,8.5,€ 63,"
Pets are not allowed.
",https://www.booking.com/hotel/es/wilson.en-gb.html
16,08028 Apartments,8.9,€ 79,"
Pets are not allowed.
",https://www.booking.com/hotel/es/hotelaxelbarcelona.en-gb.html
17,Hotel Royal Passeig de Gracia,8.6,€ 93,"
Pets are not allowed.
",https://www.booking.com/hotel/es/grandmarina.en-gb.html
18,Hotel SB Glow **** Sup,8.2,€ 122,0,https://www.booking.com/hotel/es/barcelona-1882-barcelona1.en-gb.html
19,Hotel Lleó,8.6,€ 69,"
Pets are not allowed.
",https://www.booking.com/hotel/es/royal-passeig-de-gracia.en-gb.html
20,Paseo de Gracia Bas Apartments Barcelona,9.4,€ 181,"
Pets are not allowed.
",https://www.booking.com/hotel/es/bcn-montjuic.en-gb.html
21,Ohla Barcelona,9.1,€ 234,"
Free!
Pets are allowed. No extra charges.
",https://www.booking.com/hotel/es/kimpton-barcelona.en-gb.html
22,Hotel Jazz,9.1,€ 100,"


Free!


All pools are free of charge
",https://www.booking.com/hotel/es/arts-barcelona.en-gb.html
23,NH Collection Barcelona Gran Hotel Calderon,8.6,€ 145,"
Pets are not allowed.
",https://www.booking.com/hotel/es/vinccimaritimo.en-gb.html
24,Axel Hotel Barcelona & Urban Spa- Adults Only,8.6,€ 66,"
Pets are not allowed.
",https://www.booking.com/hotel/es/lleo.en-gb.html
25,Axel Hotel Barcelona & Urban Spa- Adults Only,8.6,€ 66,"
Pets are allowed. Charges may be applicable.
",https://www.booking.com/hotel/es/w-barcelona.en-gb.html
26,Eurostars Grand Marina Hotel GL,8.3,€ 137,"
Pets are not allowed.
",https://www.booking.com/hotel/es/negresco-princess.en-gb.html
27,Catalonia Ramblas 4* Sup,8.7,€ 87,"
Pets are not allowed.
",https://www.booking.com/hotel/es/h10-cubik.en-gb.html
28,H10 Port Vell 4* Sup,9.1,€ 139,"
Free!
Pets are allowed on request. No extra charges.
",https://www.booking.com/hotel/es/avenidapalace.en-gb.html
29,Hotel Miramar Barcelona GL,8.4,€ 220,"
Pets are allowed on request. Charges may be applicable.
",https://www.booking.com/hotel/es/diagonal-zero.en-gb.html
30,Yurbban Passage Hotel & Spa,9.3,€ 143,"
Pets are not allowed.
",https://www.booking.com/hotel/es/ciutat-de-barcelona.en-gb.html
31,Catalonia Plaza Catalunya,8.8,€ 87,"
Pets are not allowed.
",https://www.booking.com/hotel/es/ayre-rosellon.en-gb.html
32,Hotel Oasis,8.7,€ 56,"
Pets are allowed on request. Charges may be applicable.
",https://www.booking.com/hotel/es/sbicaria.en-gb.html
33,Barcelona Hotel Colonial,8.4,€ 94,"
Pets are allowed. Charges may be applicable.
",https://www.booking.com/hotel/es/sb-glow-4-sup.en-gb.html
34,Midtown Apartments,9.5,€ 119,"
Pets are not allowed.
",https://www.booking.com/hotel/es/ohla.en-gb.html
35,Grupotel Gran Via 678,8.5,€ 137,"
Pets are not allowed.
",https://www.booking.com/hotel/es/h10-port-vell.en-gb.html
36,Catalonia Atenas,8.0,€ 67,"
Pets are not allowed.
",https://www.booking.com/hotel/es/h10-casa-mimosa.en-gb.html
37,Praktik Èssens,-1,€ 666666,"
Pets are allowed on request. Charges may be applicable.
",https://www.booking.com/hotel/es/novotel-barcelona-city.en-gb.html
38,H10 Universitat,8.9,€ 140,"
Pets are allowed. Charges may be applicable.
",https://www.booking.com/hotel/es/travelodge-barcelona-poblenou.en-gb.html
39,Catalonia Barcelona Plaza,8.8,€ 92,"
Pets are not allowed.
",https://www.booking.com/hotel/es/barcelo-atenea-mar.en-gb.html
40,Hotel Casa Luz,9.4,€ 73,"
Pets are not allowed.
",https://www.booking.com/hotel/es/wilson.en-gb.html
41,Barceló Sants,8.7,€ 102,"
Pets are not allowed.
",https://www.booking.com/hotel/es/hotelaxelbarcelona.en-gb.html
42,Hilton Diagonal Mar Barcelona,8.1,€ 122,"
Pets are not allowed.
",https://www.booking.com/hotel/es/grandmarina.en-gb.html
43,Ilunion Barcelona,8.3,€ 59,0,https://www.booking.com/hotel/es/barcelona-1882-barcelona1.en-gb.html
44,Hotel 54 Barceloneta,8.2,€ 160,"
Pets are not allowed.
",https://www.booking.com/hotel/es/royal-passeig-de-gracia.en-gb.html
45,Apartments Sixtyfour,9.4,€ 354,"
Pets are not allowed.
",https://www.booking.com/hotel/es/bcn-montjuic.en-gb.html
46,Hotel Market,8.1,€ 55,"
Free!
Pets are allowed. No extra charges.
",https://www.booking.com/hotel/es/kimpton-barcelona.en-gb.html
47,Sercotel Amister Art Hotel Barcelona,8.4,€ 76,"


Free!


All pools are free of charge
",https://www.booking.com/hotel/es/arts-barcelona.en-gb.html
48,Arc La Rambla,8.5,€ 76,"
Pets are not allowed.
",https://www.booking.com/hotel/es/vinccimaritimo.en-gb.html
49,Hostal Paris,8.0,€ 56,"
Pets are not allowed.
",https://www.booking.com/hotel/es/lleo.en-gb.html
50,Citadines Ramblas Barcelona,8.4,€ 85,"
Pets are allowed. Charges may be applicable.
",https://www.booking.com/hotel/es/w-barcelona.en-gb.html
51,SM Hotel Teatre Auditori,8.5,€ 80,"
Pets are not allowed.
",https://www.booking.com/hotel/es/negresco-princess.en-gb.html
52,Catalonia Portal de l'Angel,8.9,€ 66,"
Pets are not allowed.
",https://www.booking.com/hotel/es/h10-cubik.en-gb.html
53,Occidental Atenea Mar - Adults Only,8.3,€ 106,"
Free!
Pets are allowed on request. No extra charges.
",https://www.booking.com/hotel/es/avenidapalace.en-gb.html
54,Hotel Rec Barcelona - Adults Only,9.2,€ 61,"
Pets are allowed on request. Charges may be applicable.
",https://www.booking.com/hotel/es/diagonal-zero.en-gb.html
55,Gran Hotel Havana 4* Sup,8.7,€ 87,"
Pets are not allowed.
",https://www.booking.com/hotel/es/ayre-rosellon.en-gb.html
56,Capri by Fraser Barcelona,8.7,€ 111,"
Pets are not allowed.
",https://www.booking.com/hotel/es/ciutat-de-barcelona.en-gb.html
57,H10 Marina Barcelona,8.4,€ 121,"
Pets are allowed on request. Charges may be applicable.
",https://www.booking.com/hotel/es/sbicaria.en-gb.html
58,Upper Diagonal,8.9,€ 96,"
Pets are allowed. Charges may be applicable.
",https://www.booking.com/hotel/es/sb-glow-4-sup.en-gb.html
59,Boutique Hotel H10 Catalunya Plaza,9.0,€ 136,"
Pets are not allowed.
",https://www.booking.com/hotel/es/ohla.en-gb.html
60,Attica 21 Barcelona Mar,8.4,€ 101,"
Pets are not allowed.
",https://www.booking.com/hotel/es/h10-port-vell.en-gb.html
61,Sallés Hotel Pere IV,8.5,€ 91,"
Pets are not allowed.
",https://www.booking.com/hotel/es/royal-passeig-de-gracia.en-gb.html
62,Ohla Eixample,9.1,€ 214,"
Pets are not allowed.
",https://www.booking.com/hotel/es/h10-casa-mimosa.en-gb.html
63,Catalonia Passeig de Gràcia 4* Sup,9.2,€ 97,"
Pets are allowed on request. Charges may be applicable.
",https://www.booking.com/hotel/es/novotel-barcelona-city.en-gb.html
64,Grupotel Gran Via 678,8.5,€ 137,"
Pets are allowed. Charges may be applicable.
",https://www.booking.com/hotel/es/travelodge-barcelona-poblenou.en-gb.html
65,Best Western Premier Hotel Dante,8.9,€ 83,"
Pets are not allowed.
",https://www.booking.com/hotel/es/barcelo-atenea-mar.en-gb.html
66,Leonardo Hotel Barcelona Las Ramblas,8.4,€ 65,"
Pets are not allowed.
",https://www.booking.com/hotel/es/wilson.en-gb.html
67,Aparthotel Atenea Calabria,8.3,€ 78,"
Pets are not allowed.
",https://www.booking.com/hotel/es/hotelaxelbarcelona.en-gb.html
68,Hotel Pulitzer Barcelona,8.9,€ 83,"
Pets are not allowed.
",https://www.booking.com/hotel/es/grandmarina.en-gb.html
69,Hotel Regina,8.9,€ 79,0,https://www.booking.com/hotel/es/barcelona-1882-barcelona1.en-gb.html
70,Residencia Universitaria Barcelona Diagonal,8.6,€ 67,"
Pets are not allowed.
",https://www.booking.com/hotel/es/bcn-montjuic.en-gb.html
71,Hotel Suizo,8.3,€ 83,"
Free!
Pets are allowed. No extra charges.
",https://www.booking.com/hotel/es/kimpton-barcelona.en-gb.html
72,Aparthotel Atenea Barcelona,8.2,€ 70,"


Free!


All pools are free of charge
",https://www.booking.com/hotel/es/arts-barcelona.en-gb.html
73,H10 Metropolitan 4* Sup,9.2,€ 122,"
Pets are not allowed.
",https://www.booking.com/hotel/es/paseo-de-gracia-apartments-barcelona.en-gb.html
74,TWO Hotel Barcelona by Axel 4* Sup- Adults Only,8.7,€ 66,"
Pets are not allowed.
",https://www.booking.com/hotel/es/vinccimaritimo.en-gb.html
75,Praktik Rambla,8.9,€ 75,"
Pets are allowed. Charges may be applicable.
",https://www.booking.com/hotel/es/w-barcelona.en-gb.html
76,Silken Ramblas,8.3,€ 109,"
Pets are not allowed.
",https://www.booking.com/hotel/es/negresco-princess.en-gb.html
77,Claris Hotel & Spa GL,8.8,€ 172,"
Pets are not allowed.
",https://www.booking.com/hotel/es/h10-cubik.en-gb.html
78,Hotel Continental Barcelona,8.6,€ 90,"
Free!
Pets are allowed on request. No extra charges.
",https://www.booking.com/hotel/es/avenidapalace.en-gb.html
79,Leonardo Hotel Barcelona Las Ramblas,8.4,€ 65,"
Pets are allowed on request. Charges may be applicable.
",https://www.booking.com/hotel/es/diagonal-zero.en-gb.html
80,Majestic Hotel & Spa Barcelona GL,9.0,€ 264,"
Pets are not allowed.
",https://www.booking.com/hotel/es/ciutat-de-barcelona.en-gb.html
81,Hotel Continental Palacete,8.7,€ 100,"
Pets are not allowed.
",https://www.booking.com/hotel/es/ayre-rosellon.en-gb.html
82,Roca Rooms & Apartments,9.1,€ 75,"
Pets are allowed on request. Charges may be applicable.
",https://www.booking.com/hotel/es/sbicaria.en-gb.html
83,Barcelona Apartment Aramunt,8.0,€ 114,"
Pets are not allowed.
",https://www.booking.com/hotel/es/ohla.en-gb.html
84,TWO Hotel Barcelona by Axel 4* Sup- Adults Only,8.7,€ 66,"
Pets are allowed. Charges may be applicable.
",https://www.booking.com/hotel/es/sb-glow-4-sup.en-gb.html
85,H10 Casanova,8.8,€ 111,"
Pets are not allowed.
",https://www.booking.com/hotel/es/h10-port-vell.en-gb.html
86,Aparthotel Senator Barcelona,7.6,€ 96,"
Pets are not allowed.
",https://www.booking.com/hotel/es/h10-casa-mimosa.en-gb.html
87,H10 Universitat,8.9,€ 140,"
Pets are allowed on request. Charges may be applicable.
",https://www.booking.com/hotel/es/novotel-barcelona-city.en-gb.html
88,Eurohotel Diagonal Port,7.6,€ 79,"
Pets are allowed. Charges may be applicable.
",https://www.booking.com/hotel/es/travelodge-barcelona-poblenou.en-gb.html
89,NH Barcelona Les Corts,8.4,€ 65,"
Pets are not allowed.
",https://www.booking.com/hotel/es/barcelo-atenea-mar.en-gb.html
90,Hotel Market,8.1,€ 55,"
Pets are not allowed.
",https://www.booking.com/hotel/es/wilson.en-gb.html
91,Hotel Best Front Maritim,7.5,€ 101,"
Pets are not allowed.
",https://www.booking.com/hotel/es/hotelaxelbarcelona.en-gb.html
92,Royal Ramblas,8.6,€ 87,"
Pets are not allowed.
",https://www.booking.com/hotel/es/grandmarina.en-gb.html
93,Catalonia Avinyo,8.6,€ 56,0,https://www.booking.com/hotel/es/barcelona-1882-barcelona1.en-gb.html
94,Apartaments St. Jordi Comtal,8.5,€ 98,"
Pets are not allowed.
",https://www.booking.com/hotel/es/royal-passeig-de-gracia.en-gb.html
95,Hotel Santa Marta,8.6,€ 73,"
Pets are not allowed.
",https://www.booking.com/hotel/es/bcn-montjuic.en-gb.html
96,ibis Styles Barcelona City Bogatell,8.6,€ 56,"
Free!
Pets are allowed. No extra charges.
",https://www.booking.com/hotel/es/kimpton-barcelona.en-gb.html
97,Hotel Midmost,8.9,€ 121,"


Free!


All pools are free of charge
",https://www.booking.com/hotel/es/arts-barcelona.en-gb.html
98,Casagrand Luxury Suites,9.6,€ 414,"
Pets are not allowed.
",https://www.booking.com/hotel/es/paseo-de-gracia-apartments-barcelona.en-gb.html
99,Aparthotel Napols - Abapart,8.4,€ 90,"
Pets are not allowed.
",https://www.booking.com/hotel/es/vinccimaritimo.en-gb.html
100,May Ramblas Hotel,8.6,€ 67,"
Pets are allowed. Charges may be applicable.
",https://www.booking.com/hotel/es/w-barcelona.en-gb.html
101,Praktik Bakery,8.8,€ 65,"
Pets are not allowed.
",https://www.booking.com/hotel/es/negresco-princess.en-gb.html
102,H10 Madison 4* Sup,9.5,€ 178,"
Pets are not allowed.
",https://www.booking.com/hotel/es/h10-cubik.en-gb.html
103,Hotel Alimara,8.3,€ 60,"
Free!
Pets are allowed on request. No extra charges.
",https://www.booking.com/hotel/es/avenidapalace.en-gb.html
104,Iberostar Selection Paseo de Gracia 4 Sup,9.2,€ 200,"
Pets are allowed on request. Charges may be applicable.
",https://www.booking.com/hotel/es/diagonal-zero.en-gb.html
105,La França Travellers Adults Only,8.2,€ 63,"
Pets are not allowed.
",https://www.booking.com/hotel/es/ayre-rosellon.en-gb.html
106,Hotel Acta Azul Barcelona,8.2,€ 76,"
Pets are not allowed.
",https://www.booking.com/hotel/es/ciutat-de-barcelona.en-gb.html
107,Aparthotel Bertrán,8.5,€ 73,"
Pets are allowed on request. Charges may be applicable.
",https://www.booking.com/hotel/es/sbicaria.en-gb.html
108,Apartaments Sant Jordi Girona 97,8.6,€ 98,"
Pets are not allowed.
",https://www.booking.com/hotel/es/ohla.en-gb.html
109,Forget Me Not Plus,9.2,€ 121,"
Pets are allowed. Charges may be applicable.
",https://www.booking.com/hotel/es/sb-glow-4-sup.en-gb.html
110,Suites Avenue,9.2,€ 159,"
Pets are not allowed.
",https://www.booking.com/hotel/es/h10-port-vell.en-gb.html
111,Catalonia La Maquinista,8.7,€ 71,"
Pets are not allowed.
",https://www.booking.com/hotel/es/royal-passeig-de-gracia.en-gb.html
112,Hotel Barcelona Catedral,8.8,€ 151,"
Pets are not allowed.
",https://www.booking.com/hotel/es/h10-casa-mimosa.en-gb.html
113,Silken Sant Gervasi,8.4,€ 93,"
Pets are allowed on request. Charges may be applicable.
",https://www.booking.com/hotel/es/novotel-barcelona-city.en-gb.html
114,Catalonia Diagonal Centro,8.5,€ 67,"
Pets are allowed. Charges may be applicable.
",https://www.booking.com/hotel/es/travelodge-barcelona-poblenou.en-gb.html
115,Catalonia Rigoletto,8.8,€ 97,"
Pets are not allowed.
",https://www.booking.com/hotel/es/barcelo-atenea-mar.en-gb.html
116,Ayre Hotel Gran Vía,8.9,€ 81,"
Pets are not allowed.
",https://www.booking.com/hotel/es/wilson.en-gb.html
117,Occidental Diagonal 414,9.1,€ 94,"
Pets are not allowed.
",https://www.booking.com/hotel/es/hotelaxelbarcelona.en-gb.html
118,H10 Metropolitan 4* Sup,9.2,€ 122,"
Pets are not allowed.
",https://www.booking.com/hotel/es/grandmarina.en-gb.html
119,Cosmo Apartments Sants,8.1,€ 152,0,https://www.booking.com/hotel/es/barcelona-1882-barcelona1.en-gb.html
120,Attica 21 Barcelona Mar,8.4,€ 101,"
Pets are not allowed.
",https://www.booking.com/hotel/es/bcn-montjuic.en-gb.html
121,Alma Barcelona GL,9.4,€ 340,"
Free!
Pets are allowed. No extra charges.
",https://www.booking.com/hotel/es/kimpton-barcelona.en-gb.html
122,Apartaments Ciutat Vella,8.1,€ 75,"
Pets are not allowed.
",https://www.booking.com/hotel/es/gran-via-678.en-gb.html
123,HCC Montblanc,8.5,€ 76,"


Free!


All pools are free of charge
",https://www.booking.com/hotel/es/arts-barcelona.en-gb.html
124,H10 Urquinaona Plaza,9.2,€ 107,"
Pets are not allowed.
",https://www.booking.com/hotel/es/vinccimaritimo.en-gb.html
125,Hotel Gótico,8.5,€ 94,"
Pets are allowed. Charges may be applicable.
",https://www.booking.com/hotel/es/w-barcelona.en-gb.html
126,Room Mate Anna,9.0,€ 151,"
Pets are not allowed.
",https://www.booking.com/hotel/es/negresco-princess.en-gb.html
127,Coronado,7.2,€ 46,"
Pets are not allowed.
",https://www.booking.com/hotel/es/h10-cubik.en-gb.html
128,Acta Antibes,8.6,€ 58,"
Free!
Pets are allowed on request. No extra charges.
",https://www.booking.com/hotel/es/avenidapalace.en-gb.html
129,Hostel One Sants,8.8,€ 78,"
Pets are allowed on request. Charges may be applicable.
",https://www.booking.com/hotel/es/diagonal-zero.en-gb.html
130,Murmuri Residence Mercader,9.0,€ 150,"
Pets are not allowed.
",https://www.booking.com/hotel/es/ciutat-de-barcelona.en-gb.html
131,Catalonia Sagrada Familia,8.2,€ 56,"
Pets are not allowed.
",https://www.booking.com/hotel/es/ayre-rosellon.en-gb.html
132,Sunotel Central,8.3,€ 122,"
Pets are allowed on request. Charges may be applicable.
",https://www.booking.com/hotel/es/sbicaria.en-gb.html
133,Barcelona Century Hotel,8.5,€ 75,"
Pets are not allowed.
",https://www.booking.com/hotel/es/ohla.en-gb.html
134,Hotel Granados 83,8.8,€ 125,"
Pets are allowed. Charges may be applicable.
",https://www.booking.com/hotel/es/sb-glow-4-sup.en-gb.html
135,Praktik Garden,8.6,€ 60,"
Pets are not allowed.
",https://www.booking.com/hotel/es/h10-port-vell.en-gb.html
136,El Palace Barcelona,9.5,€ 325,"
Pets are not allowed.
",https://www.booking.com/hotel/es/h10-casa-mimosa.en-gb.html
137,H La Paloma Adults Only,7.9,€ 60,"
Pets are allowed on request. Charges may be applicable.
",https://www.booking.com/hotel/es/novotel-barcelona-city.en-gb.html
138,Blanc Guest House,8.9,€ 73,"
Pets are allowed. Charges may be applicable.
",https://www.booking.com/hotel/es/travelodge-barcelona-poblenou.en-gb.html
139,The One Barcelona GL,9.4,€ 225,"
Pets are not allowed.
",https://www.booking.com/hotel/es/barcelo-atenea-mar.en-gb.html
140,Sunotel Aston,7.5,€ 81,"
Pets are not allowed.
",https://www.booking.com/hotel/es/wilson.en-gb.html
141,H10 Urquinaona Plaza,9.2,€ 107,"
Pets are not allowed.
",https://www.booking.com/hotel/es/grandmarina.en-gb.html
142,Hotel Best Auto Hogar,8.0,€ 81,0,https://www.booking.com/hotel/es/barcelona-1882-barcelona1.en-gb.html
143,Hotel & Spa Villa Olimpica Suites,8.2,€ 103,"
Pets are not allowed.
",https://www.booking.com/hotel/es/hotelaxelbarcelona.en-gb.html
144,Ona Hotels Mosaic,8.7,€ 139,"
Pets are not allowed.
",https://www.booking.com/hotel/es/royal-passeig-de-gracia.en-gb.html
145,Yurbban Trafalgar Hotel,9.3,€ 110,"
Pets are not allowed.
",https://www.booking.com/hotel/es/bcn-montjuic.en-gb.html
146,H10 Madison 4* Sup,9.5,€ 178,"
Free!
Pets are allowed. No extra charges.
",https://www.booking.com/hotel/es/kimpton-barcelona.en-gb.html
147,Hotel Brummell,9.4,€ 101,"
Pets are not allowed.
",https://www.booking.com/hotel/es/gran-via-678.en-gb.html
148,Hostal Barcelona Travel,7.9,€ 88,"


Free!


All pools are free of charge
",https://www.booking.com/hotel/es/arts-barcelona.en-gb.html
149,Petit Palace Museum,8.6,€ 99,"
Pets are not allowed.
",https://www.booking.com/hotel/es/vinccimaritimo.en-gb.html
150,Aparthotel Atenea Calabria,8.3,€ 78,"
Pets are allowed. Charges may be applicable.
",https://www.booking.com/hotel/es/w-barcelona.en-gb.html
151,Catalonia Mikado,8.2,€ 71,"
Pets are not allowed.
",https://www.booking.com/hotel/es/negresco-princess.en-gb.html
152,Blanc Guest House,8.9,€ 73,"
Pets are not allowed.
",https://www.booking.com/hotel/es/h10-cubik.en-gb.html
153,Praktik Vinoteca,8.8,€ 65,"
Free!
Pets are allowed on request. No extra charges.
",https://www.booking.com/hotel/es/avenidapalace.en-gb.html
154,Barceló Raval,8.4,€ 106,"
Pets are allowed on request. Charges may be applicable.
",https://www.booking.com/hotel/es/diagonal-zero.en-gb.html
155,Hotel Ronda Lesseps,8.2,€ 76,"
Pets are not allowed.
",https://www.booking.com/hotel/es/ayre-rosellon.en-gb.html
156,Barcelona Apartment Milà,8.7,€ 126,"
Pets are not allowed.
",https://www.booking.com/hotel/es/ciutat-de-barcelona.en-gb.html
157,Four Points by Sheraton Barcelona Diagonal,8.7,€ 76,"
Pets are allowed on request. Charges may be applicable.
",https://www.booking.com/hotel/es/sbicaria.en-gb.html
158,Hotel Palermo,7.2,€ 51,"
Pets are not allowed.
",https://www.booking.com/hotel/es/ohla.en-gb.html
159,Pierre & Vacances Barcelona Sants,8.4,€ 74,"
Pets are allowed. Charges may be applicable.
",https://www.booking.com/hotel/es/sb-glow-4-sup.en-gb.html
160,Barcelona Apartment Villarroel,8.6,€ 136,"
Pets are not allowed.
",https://www.booking.com/hotel/es/h10-port-vell.en-gb.html
161,Ayre Hotel Gran Vía,8.9,€ 81,"
Pets are not allowed.
",https://www.booking.com/hotel/es/royal-passeig-de-gracia.en-gb.html
162,Aparthotel Mariano Cubi Barcelona,8.4,€ 142,"
Pets are not allowed.
",https://www.booking.com/hotel/es/h10-casa-mimosa.en-gb.html
163,Hotel America Barcelona,8.9,€ 116,"
Pets are allowed on request. Charges may be applicable.
",https://www.booking.com/hotel/es/novotel-barcelona-city.en-gb.html
164,Hostalin Barcelona Gran Via,8.6,€ 53,"
Pets are allowed. Charges may be applicable.
",https://www.booking.com/hotel/es/travelodge-barcelona-poblenou.en-gb.html
165,Almanac Barcelona,9.4,€ 265,"
Pets are not allowed.
",https://www.booking.com/hotel/es/barcelo-atenea-mar.en-gb.html
166,Hostal Barcelona Travel,7.9,€ 88,"
Pets are not allowed.
",https://www.booking.com/hotel/es/wilson.en-gb.html
167,Gallery Hotel,9.3,€ 123,"
Pets are not allowed.
",https://www.booking.com/hotel/es/hotelaxelbarcelona.en-gb.html
168,Seventy Barcelona,9.6,€ 122,"
Pets are not allowed.
",https://www.booking.com/hotel/es/grandmarina.en-gb.html
169,Hostal Sans,7.9,€ 57,0,https://www.booking.com/hotel/es/barcelona-1882-barcelona1.en-gb.html
170,Ilunion Auditori,8.4,€ 52,"
Pets are not allowed.
",https://www.booking.com/hotel/es/bcn-montjuic.en-gb.html
171,Hotel Internacional Ramblas,7.9,€ 105,"
Free!
Pets are allowed. No extra charges.
",https://www.booking.com/hotel/es/kimpton-barcelona.en-gb.html
172,Hotel Balmes,8.7,€ 117,"
Pets are not allowed.
",https://www.booking.com/hotel/es/gran-via-678.en-gb.html
173,K+K Hotel Picasso El Born,8.6,€ 161,"


Free!


All pools are free of charge
",https://www.booking.com/hotel/es/arts-barcelona.en-gb.html
174,Hostal Portugal,8.1,€ 71,"
Pets are not allowed.
",https://www.booking.com/hotel/es/vinccimaritimo.en-gb.html
175,NH Collection Barcelona Constanza,8.8,€ 95,"
Pets are allowed. Charges may be applicable.
",https://www.booking.com/hotel/es/w-barcelona.en-gb.html
176,Hotel America Barcelona,8.9,€ 116,"
Pets are not allowed.
",https://www.booking.com/hotel/es/negresco-princess.en-gb.html
177,Aparthotel Mariano Cubi Barcelona,8.4,€ 142,"
Pets are not allowed.
",https://www.booking.com/hotel/es/h10-cubik.en-gb.html
178,Hostalin Barcelona Gran Via,8.6,€ 53,"
Free!
Pets are allowed on request. No extra charges.
",https://www.booking.com/hotel/es/avenidapalace.en-gb.html
179,Almanac Barcelona,9.4,€ 265,"
Pets are allowed on request. Charges may be applicable.
",https://www.booking.com/hotel/es/diagonal-zero.en-gb.html
180,Pestana Arena Barcelona,8.7,€ 84,"
Pets are not allowed.
",https://www.booking.com/hotel/es/ciutat-de-barcelona.en-gb.html
181,Hostal Sans,7.9,€ 57,"
Pets are not allowed.
",https://www.booking.com/hotel/es/ayre-rosellon.en-gb.html
182,Hotel Internacional Ramblas,7.9,€ 105,"
Pets are allowed on request. Charges may be applicable.
",https://www.booking.com/hotel/es/sbicaria.en-gb.html
183,Hotel Balmes,8.7,€ 117,"
Pets are not allowed.
",https://www.booking.com/hotel/es/ohla.en-gb.html
184,Ilunion Bel-Art,8.4,€ 53,"
Pets are allowed. Charges may be applicable.
",https://www.booking.com/hotel/es/sb-glow-4-sup.en-gb.html
185,Hostal Portugal,8.1,€ 71,"
Pets are not allowed.
",https://www.booking.com/hotel/es/h10-port-vell.en-gb.html
186,Hotel Astoria,8.8,€ 81,"
Pets are not allowed.
",https://www.booking.com/hotel/es/h10-casa-mimosa.en-gb.html
187,Hostalin Barcelona Passeig de Gràcia,8.7,€ 61,"
Pets are allowed on request. Charges may be applicable.
",https://www.booking.com/hotel/es/novotel-barcelona-city.en-gb.html
188,Andante Hotel,8.7,€ 82,"
Pets are allowed. Charges may be applicable.
",https://www.booking.com/hotel/es/travelodge-barcelona-poblenou.en-gb.html
189,Free Hostels Barcelona,8.7,€ 96,"
Pets are not allowed.
",https://www.booking.com/hotel/es/barcelo-atenea-mar.en-gb.html
190,Holiday Inn Express Barcelona City 22@,8.1,€ 80,"
Pets are not allowed.
",https://www.booking.com/hotel/es/wilson.en-gb.html
191,Abba Garden,8.3,€ 78,"
Pets are not allowed.
",https://www.booking.com/hotel/es/hotelaxelbarcelona.en-gb.html
192,Europark,9.0,€ 86,"
Pets are not allowed.
",https://www.booking.com/hotel/es/grandmarina.en-gb.html
193,"Alexandra Barcelona Hotel, Curio Collection by Hilton",8.3,€ 92,0,https://www.booking.com/hotel/es/barcelona-1882-barcelona1.en-gb.html
194,Hotel Nuevo Triunfo,8.1,€ 100,"
Pets are not allowed.
",https://www.booking.com/hotel/es/royal-passeig-de-gracia.en-gb.html
195,Catalonia Park Putxet,7.7,€ 67,"
Pets are not allowed.
",https://www.booking.com/hotel/es/bcn-montjuic.en-gb.html
196,Hotel Derby,8.0,€ 82,"
Free!
Pets are allowed. No extra charges.
",https://www.booking.com/hotel/es/kimpton-barcelona.en-gb.html
197,Catalonia Roma,8.4,€ 61,"
Pets are not allowed.
",https://www.booking.com/hotel/es/gran-via-678.en-gb.html
198,Suites Independencia - Abapart,7.9,€ 57,"


Free!


All pools are free of charge
",https://www.booking.com/hotel/es/arts-barcelona.en-gb.html
199,Hostalin Barcelona Diputación,8.0,€ 57,"
Pets are not allowed.
",https://www.booking.com/hotel/es/paseo-de-gracia-apartments-barcelona.en-gb.html
200,Hostal Medea,8.2,€ 49,"
Pets are allowed. Charges may be applicable.
",https://www.booking.com/hotel/es/w-barcelona.en-gb.html
201,Ilunion Bel-Art,8.4,€ 53,"
Pets are not allowed.
",https://www.booking.com/hotel/es/negresco-princess.en-gb.html
202,Hostal Portugal,8.1,€ 71,"
Pets are not allowed.
",https://www.booking.com/hotel/es/h10-cubik.en-gb.html
203,Catalonia Catedral,9.3,€ 122,"
Free!
Pets are allowed on request. No extra charges.
",https://www.booking.com/hotel/es/avenidapalace.en-gb.html
204,Gaudi Hotel,8.5,€ 69,"
Pets are allowed on request. Charges may be applicable.
",https://www.booking.com/hotel/es/diagonal-zero.en-gb.html
205,Catalonia Port,8.9,€ 92,"
Pets are not allowed.
",https://www.booking.com/hotel/es/ciutat-de-barcelona.en-gb.html
206,Colón Hotel Barcelona,8.9,€ 142,"
Pets are not allowed.
",https://www.booking.com/hotel/es/ayre-rosellon.en-gb.html
207,Catalonia Born,8.8,€ 77,"
Pets are allowed on request. Charges may be applicable.
",https://www.booking.com/hotel/es/sbicaria.en-gb.html
208,Catalonia Albeniz,8.8,€ 56,"
Pets are allowed. Charges may be applicable.
",https://www.booking.com/hotel/es/sb-glow-4-sup.en-gb.html
209,"Alexandra Barcelona Hotel, Curio Collection by Hilton",8.3,€ 92,"
Pets are not allowed.
",https://www.booking.com/hotel/es/ohla.en-gb.html
210,Alma Barcelona GL,9.4,€ 340,"
Pets are not allowed.
",https://www.booking.com/hotel/es/h10-port-vell.en-gb.html
211,Mambo Tango,7.6,€ 31,"
Pets are not allowed.
",https://www.booking.com/hotel/es/h10-casa-mimosa.en-gb.html
212,Sunotel Club Central,8.3,€ 112,"
Pets are allowed on request. Charges may be applicable.
",https://www.booking.com/hotel/es/novotel-barcelona-city.en-gb.html
213,Gran Hotel Barcino,8.5,€ 94,"
Pets are allowed. Charges may be applicable.
",https://www.booking.com/hotel/es/travelodge-barcelona-poblenou.en-gb.html
214,Petit Palace Boqueria Garden,8.8,€ 151,"
Pets are not allowed.
",https://www.booking.com/hotel/es/barcelo-atenea-mar.en-gb.html
215,Eric Vökel Boutique Apartments - Gran Vía Suites,8.9,€ 194,"
Pets are not allowed.
",https://www.booking.com/hotel/es/wilson.en-gb.html
216,H10 Art Gallery 4* Sup,8.8,€ 107,"
Pets are not allowed.
",https://www.booking.com/hotel/es/hotelaxelbarcelona.en-gb.html
217,Hostal Rio De Castro,8.0,€ 37,"
Pets are not allowed.
",https://www.booking.com/hotel/es/grandmarina.en-gb.html
218,GRUMS HOTEL & SPA,8.5,€ 132,0,https://www.booking.com/hotel/es/barcelona-1882-barcelona1.en-gb.html
219,Guitart Grand Passage,8.4,€ 107,"
Pets are not allowed.
",https://www.booking.com/hotel/es/royal-passeig-de-gracia.en-gb.html
220,Ciutat Vella,8.3,€ 69,"
Pets are not allowed.
",https://www.booking.com/hotel/es/bcn-montjuic.en-gb.html
221,Hotel España Ramblas,8.6,€ 173,"
Free!
Pets are allowed. No extra charges.
",https://www.booking.com/hotel/es/kimpton-barcelona.en-gb.html
222,Pensión 45,6.6,€ 55,"


Free!


All pools are free of charge
",https://www.booking.com/hotel/es/arts-barcelona.en-gb.html
223,Be Mate Paseo de Gracia,9.2,€ 113,"
Pets are not allowed.
",https://www.booking.com/hotel/es/vinccimaritimo.en-gb.html
224,The Hotel 592 - Adults Only,9.0,€ 49,"
Pets are not allowed.
",https://www.booking.com/hotel/es/lleo.en-gb.html
225,Casa Vaganto,-1,€ 666666,"
Pets are allowed. Charges may be applicable.
",https://www.booking.com/hotel/es/w-barcelona.en-gb.html
226,The Hotel 592 - Adults Only,9.0,€ 49,"
Pets are not allowed.
",https://www.booking.com/hotel/es/negresco-princess.en-gb.html
227,Hotel The Serras,9.5,€ 310,"
Pets are not allowed.
",https://www.booking.com/hotel/es/h10-cubik.en-gb.html
228,Zenit Barcelona,8.1,€ 96,"
Free!
Pets are allowed on request. No extra charges.
",https://www.booking.com/hotel/es/avenidapalace.en-gb.html
229,Praktik Garden,8.6,€ 60,"
Pets are allowed on request. Charges may be applicable.
",https://www.booking.com/hotel/es/diagonal-zero.en-gb.html
230,Hotel Villa Emilia,9.2,€ 122,"
Pets are not allowed.
",https://www.booking.com/hotel/es/ciutat-de-barcelona.en-gb.html
231,Be Apartments,7.9,€ 114,"
Pets are not allowed.
",https://www.booking.com/hotel/es/ayre-rosellon.en-gb.html
232,Mandarin Oriental Barcelona,9.0,€ 379,"
Pets are allowed on request. Charges may be applicable.
",https://www.booking.com/hotel/es/sbicaria.en-gb.html
233,Ally's Bed&Breakfast,8.1,€ 43,"
Pets are allowed. Charges may be applicable.
",https://www.booking.com/hotel/es/sb-glow-4-sup.en-gb.html
234,Wello Apartments,8.4,€ 136,"
Pets are not allowed.
",https://www.booking.com/hotel/es/ohla.en-gb.html
235,Hotel Casa Bonay,8.9,€ 107,"
Pets are not allowed.
",https://www.booking.com/hotel/es/h10-port-vell.en-gb.html
236,Ibis Barcelona Plaza Glòries 22@,8.2,€ 72,"
Pets are not allowed.
",https://www.booking.com/hotel/es/h10-casa-mimosa.en-gb.html
237,Catalonia Square 4* Sup,9.3,€ 132,"
Pets are allowed on request. Charges may be applicable.
",https://www.booking.com/hotel/es/novotel-barcelona-city.en-gb.html
238,Hotel Barcelona Universal,8.7,€ 73,"
Pets are allowed. Charges may be applicable.
",https://www.booking.com/hotel/es/travelodge-barcelona-poblenou.en-gb.html
239,Hostal Easy Sants,7.6,€ 48,"
Pets are not allowed.
",https://www.booking.com/hotel/es/barcelo-atenea-mar.en-gb.html
240,Evenia Rocafort,8.6,€ 161,"
Pets are not allowed.
",https://www.booking.com/hotel/es/wilson.en-gb.html
241,Amister Apartments,9.2,€ 113,"
Pets are not allowed.
",https://www.booking.com/hotel/es/grandmarina.en-gb.html
242,Gran Hotel Barcino,8.5,€ 94,0,https://www.booking.com/hotel/es/barcelona-1882-barcelona1.en-gb.html
243,Barcelona City Apartment,7.1,€ 50,"
Pets are not allowed.
",https://www.booking.com/hotel/es/hotelaxelbarcelona.en-gb.html
244,Zenit Borrell,8.1,€ 84,"
Pets are not allowed.
",https://www.booking.com/hotel/es/royal-passeig-de-gracia.en-gb.html
245,Isabella's House,8.6,€ 57,"
Pets are not allowed.
",https://www.booking.com/hotel/es/bcn-montjuic.en-gb.html
246,Hotel Denit Barcelona,8.7,€ 115,"
Free!
Pets are allowed. No extra charges.
",https://www.booking.com/hotel/es/kimpton-barcelona.en-gb.html
247,AC Hotel Victoria Suites,8.5,€ 126,"


Free!


All pools are free of charge
",https://www.booking.com/hotel/es/arts-barcelona.en-gb.html
248,Acta Splendid,8.6,€ 73,"
Pets are not allowed.
",https://www.booking.com/hotel/es/gran-via-678.en-gb.html
249,Hotel Inglés,8.2,€ 56,"
Pets are not allowed.
",https://www.booking.com/hotel/es/paseo-de-gracia-apartments-barcelona.en-gb.html
250,Hotel Inglés,8.2,€ 56,"
Pets are allowed. Charges may be applicable.
",https://www.booking.com/hotel/es/w-barcelona.en-gb.html
251,Ilunion Almirante,7.4,€ 56,"
Pets are not allowed.
",https://www.booking.com/hotel/es/negresco-princess.en-gb.html
252,Amrey Sant Pau,8.4,€ 71,"
Pets are not allowed.
",https://www.booking.com/hotel/es/h10-cubik.en-gb.html
253,Hostal Argo,8.2,€ 100,"
Free!
Pets are allowed on request. No extra charges.
",https://www.booking.com/hotel/es/avenidapalace.en-gb.html
254,Eurostars Monumental,8.5,€ 68,"
Pets are allowed on request. Charges may be applicable.
",https://www.booking.com/hotel/es/diagonal-zero.en-gb.html
255,Inout,7.7,€ 57,"
Pets are not allowed.
",https://www.booking.com/hotel/es/ayre-rosellon.en-gb.html
256,Sunotel Junior,7.5,€ 76,"
Pets are not allowed.
",https://www.booking.com/hotel/es/ciutat-de-barcelona.en-gb.html
257,Hotel Derby,8.0,€ 82,"
Pets are allowed on request. Charges may be applicable.
",https://www.booking.com/hotel/es/sbicaria.en-gb.html
258,Hotel Sofia Barcelona - in The Unbound Collection by Hyatt,9.2,€ 230,"
Pets are allowed. Charges may be applicable.
",https://www.booking.com/hotel/es/sb-glow-4-sup.en-gb.html
259,Isabella's House,8.6,€ 57,"
Pets are not allowed.
",https://www.booking.com/hotel/es/ohla.en-gb.html
260,Melia Barcelona Sky 4* Sup,8.3,€ 115,"
Pets are not allowed.
",https://www.booking.com/hotel/es/h10-port-vell.en-gb.html
261,Mayerling Schumann Barcelona,8.0,€ 147,"
Pets are not allowed.
",https://www.booking.com/hotel/es/royal-passeig-de-gracia.en-gb.html
262,ibis Styles Barcelona Centre,8.4,€ 67,"
Pets are not allowed.
",https://www.booking.com/hotel/es/h10-casa-mimosa.en-gb.html
263,Hotel Concordia Barcelona,8.3,€ 77,"
Pets are allowed on request. Charges may be applicable.
",https://www.booking.com/hotel/es/novotel-barcelona-city.en-gb.html
264,Sunotel Club Central,8.3,€ 112,"
Pets are allowed. Charges may be applicable.
",https://www.booking.com/hotel/es/travelodge-barcelona-poblenou.en-gb.html
265,Hostal Girona,8.9,€ 50,"
Pets are not allowed.
",https://www.booking.com/hotel/es/barcelo-atenea-mar.en-gb.html
266,SuiteaBCN,9.2,€ 225,"
Pets are not allowed.
",https://www.booking.com/hotel/es/wilson.en-gb.html
267,Decô Apartments Barcelona-Born Apt.,9.2,€ 282,"
Pets are not allowed.
",https://www.booking.com/hotel/es/hotelaxelbarcelona.en-gb.html
268,Up Suites Bcn,9.1,€ 150,"
Pets are not allowed.
",https://www.booking.com/hotel/es/grandmarina.en-gb.html
269,Expo Hotel Barcelona,7.9,€ 87,0,https://www.booking.com/hotel/es/barcelona-1882-barcelona1.en-gb.html
270,Hotel Gran Derby Suites,8.7,€ 99,"
Pets are not allowed.
",https://www.booking.com/hotel/es/bcn-montjuic.en-gb.html
271,Fabrizzio's Petit,9.2,€ 82,"
Free!
Pets are allowed. No extra charges.
",https://www.booking.com/hotel/es/kimpton-barcelona.en-gb.html
272,Hotel Laumon,7.8,€ 54,"


Free!


All pools are free of charge
",https://www.booking.com/hotel/es/arts-barcelona.en-gb.html
273,Hesperia Barcelona Ramblas,8.7,€ 91,"
Pets are not allowed.
",https://www.booking.com/hotel/es/paseo-de-gracia-apartments-barcelona.en-gb.html
274,Boutique Hostemplo Sagrada Familia,8.9,€ 187,"
Pets are not allowed.
",https://www.booking.com/hotel/es/vinccimaritimo.en-gb.html
275,Ilunion Almirante,7.4,€ 56,"
Pets are allowed. Charges may be applicable.
",https://www.booking.com/hotel/es/w-barcelona.en-gb.html
276,Cosmopolitan Boutique Rambla,8.3,€ 806,"
Pets are not allowed.
",https://www.booking.com/hotel/es/negresco-princess.en-gb.html
277,The Hipstel Paseo De Gracia,7.7,€ 56,"
Pets are not allowed.
",https://www.booking.com/hotel/es/h10-cubik.en-gb.html
278,Hotel Rialto,7.7,€ 73,"
Free!
Pets are allowed on request. No extra charges.
",https://www.booking.com/hotel/es/avenidapalace.en-gb.html
279,Grupotel Gravina,8.3,€ 118,"
Pets are allowed on request. Charges may be applicable.
",https://www.booking.com/hotel/es/diagonal-zero.en-gb.html
280,Primavera Hostel,9.1,€ 73,"
Pets are not allowed.
",https://www.booking.com/hotel/es/ciutat-de-barcelona.en-gb.html
281,Hostal Delfos,8.0,€ 30,"
Pets are not allowed.
",https://www.booking.com/hotel/es/ayre-rosellon.en-gb.html
282,SLEEP Miró by STAY,7.8,€ 239,"
Pets are allowed on request. Charges may be applicable.
",https://www.booking.com/hotel/es/sbicaria.en-gb.html
283,Boutique Hotel H10 Montcada,9.1,€ 166,"
Pets are not allowed.
",https://www.booking.com/hotel/es/ohla.en-gb.html
284,Hotel Serhs Rivoli Rambla,8.0,€ 128,"
Pets are allowed. Charges may be applicable.
",https://www.booking.com/hotel/es/sb-glow-4-sup.en-gb.html
285,Casa Lirio,8.3,€ 576,"
Pets are not allowed.
",https://www.booking.com/hotel/es/h10-port-vell.en-gb.html
286,Plaza Goya Rooms,8.6,€ 61,"
Pets are not allowed.
",https://www.booking.com/hotel/es/h10-casa-mimosa.en-gb.html
287,Ant Hostel Barcelona,8.0,€ 80,"
Pets are allowed on request. Charges may be applicable.
",https://www.booking.com/hotel/es/novotel-barcelona-city.en-gb.html
288,Free Hostels Barcelona,8.7,€ 96,"
Pets are allowed. Charges may be applicable.
",https://www.booking.com/hotel/es/travelodge-barcelona-poblenou.en-gb.html
289,Hesperia Barcelona Del Mar,8.2,€ 87,"
Pets are not allowed.
",https://www.booking.com/hotel/es/barcelo-atenea-mar.en-gb.html
290,Room Mate Pau,9.2,€ 140,"
Pets are not allowed.
",https://www.booking.com/hotel/es/wilson.en-gb.html
291,Hostal Centric,8.9,€ 100,"
Pets are not allowed.
",https://www.booking.com/hotel/es/hotelaxelbarcelona.en-gb.html
292,Hostal Elkano,7.7,€ 30,"
Pets are not allowed.
",https://www.booking.com/hotel/es/grandmarina.en-gb.html
293,SLEEP Urgell by STAY,7.9,€ 209,0,https://www.booking.com/hotel/es/barcelona-1882-barcelona1.en-gb.html
294,SLEEP Eixample by STAY,7.8,€ 184,"
Pets are not allowed.
",https://www.booking.com/hotel/es/royal-passeig-de-gracia.en-gb.html
295,Hostal Natura Barcelona,7.9,€ 57,"
Pets are not allowed.
",https://www.booking.com/hotel/es/bcn-montjuic.en-gb.html
296,AC Hotel Sants,8.2,€ 133,"
Free!
Pets are allowed. No extra charges.
",https://www.booking.com/hotel/es/kimpton-barcelona.en-gb.html
297,Olivia Balmes Hotel,9.5,€ 182,"


Free!


All pools are free of charge
",https://www.booking.com/hotel/es/arts-barcelona.en-gb.html
298,Barcelona Just Like Home,9.0,€ 320,"
Pets are not allowed.
",https://www.booking.com/hotel/es/vinccimaritimo.en-gb.html
299,Monument Hotel,9.3,€ 255,"
Pets are not allowed.
",https://www.booking.com/hotel/es/lleo.en-gb.html
300,H10 Itaca,8.5,€ 81,"
Pets are allowed. Charges may be applicable.
",https://www.booking.com/hotel/es/w-barcelona.en-gb.html
301,Monument Hotel,9.3,€ 255,"
Pets are not allowed.
",https://www.booking.com/hotel/es/negresco-princess.en-gb.html
302,NH Barcelona Eixample,8.4,€ 65,"
Pets are not allowed.
",https://www.booking.com/hotel/es/h10-cubik.en-gb.html
303,Cosmo Apartments Passeig de Gràcia,8.2,€ 170,"
Free!
Pets are allowed on request. No extra charges.
",https://www.booking.com/hotel/es/avenidapalace.en-gb.html
304,Ola Living Diagonal Apartments,9.0,€ 275,"
Pets are allowed on request. Charges may be applicable.
",https://www.booking.com/hotel/es/diagonal-zero.en-gb.html
305,Hostal Radio Barcelona,7.5,€ 43,"
Pets are not allowed.
",https://www.booking.com/hotel/es/ayre-rosellon.en-gb.html
306,Aspasios Las Ramblas Apartments,8.7,€ 144,"
Pets are not allowed.
",https://www.booking.com/hotel/es/ciutat-de-barcelona.en-gb.html
307,Ola Living Music,8.3,€ 131,"
Pets are allowed on request. Charges may be applicable.
",https://www.booking.com/hotel/es/sbicaria.en-gb.html
308,Hostal Delfos,8.0,€ 30,"
Pets are allowed. Charges may be applicable.
",https://www.booking.com/hotel/es/sb-glow-4-sup.en-gb.html
309,Vale Suites,8.9,€ 486,"
Pets are not allowed.
",https://www.booking.com/hotel/es/ohla.en-gb.html
310,Hostal Marenostrum,8.6,€ 116,"
Pets are not allowed.
",https://www.booking.com/hotel/es/h10-port-vell.en-gb.html
311,Decô Apartments Barcelona-Eixample,9.1,€ 335,"
Pets are not allowed.
",https://www.booking.com/hotel/es/royal-passeig-de-gracia.en-gb.html
312,SLEEP Universitat by STAY,7.8,€ 179,"
Pets are not allowed.
",https://www.booking.com/hotel/es/h10-casa-mimosa.en-gb.html
313,Cuatro Naciones,8.5,€ 66,"
Pets are allowed on request. Charges may be applicable.
",https://www.booking.com/hotel/es/novotel-barcelona-city.en-gb.html
314,Hotel Sansi Barcelona,8.2,€ 82,"
Pets are allowed. Charges may be applicable.
",https://www.booking.com/hotel/es/travelodge-barcelona-poblenou.en-gb.html
315,Cosmo Apartments Consell de Cent - Plaza Universitat,7.9,€ 245,"
Pets are not allowed.
",https://www.booking.com/hotel/es/barcelo-atenea-mar.en-gb.html
316,Acta BCN 40,8.5,€ 56,"
Pets are not allowed.
",https://www.booking.com/hotel/es/wilson.en-gb.html
317,Hostal Sant Pau,7.8,€ 100,"
Pets are not allowed.
",https://www.booking.com/hotel/es/hotelaxelbarcelona.en-gb.html
318,Circa 1905,9.3,€ 86,"
Pets are not allowed.
",https://www.booking.com/hotel/es/grandmarina.en-gb.html
319,Exe Cristal Palace,8.2,€ 129,0,https://www.booking.com/hotel/es/barcelona-1882-barcelona1.en-gb.html
320,Generator Barcelona,8.1,€ 88,"
Pets are not allowed.
",https://www.booking.com/hotel/es/bcn-montjuic.en-gb.html
321,C211 Barcelona Apartments,8.9,€ 186,"
Free!
Pets are allowed. No extra charges.
",https://www.booking.com/hotel/es/kimpton-barcelona.en-gb.html
322,Barcelona City Apartment,7.1,€ 50,"


Free!


All pools are free of charge
",https://www.booking.com/hotel/es/arts-barcelona.en-gb.html
323,Hotel Casa Elliot,9.2,€ 80,"
Pets are not allowed.
",https://www.booking.com/hotel/es/vinccimaritimo.en-gb.html
324,Eurostars Bcn Design,8.5,€ 225,"
Pets are not allowed.
",https://www.booking.com/hotel/es/lleo.en-gb.html
325,SmartRoom Barcelona,8.5,€ 50,"
Pets are allowed. Charges may be applicable.
",https://www.booking.com/hotel/es/w-barcelona.en-gb.html
326,Hostal Barcelona,7.0,€ 54,"
Pets are not allowed.
",https://www.booking.com/hotel/es/negresco-princess.en-gb.html
327,Aparthotel Silver,9.0,€ 95,"
Pets are not allowed.
",https://www.booking.com/hotel/es/h10-cubik.en-gb.html
328,Hotel Brick Barcelona,9.0,€ 62,"
Free!
Pets are allowed on request. No extra charges.
",https://www.booking.com/hotel/es/avenidapalace.en-gb.html
329,Hostal Benidorm,8.7,€ 83,"
Pets are allowed on request. Charges may be applicable.
",https://www.booking.com/hotel/es/diagonal-zero.en-gb.html
330,Casa Maria,-1,€ 666666,"
Pets are not allowed.
",https://www.booking.com/hotel/es/ayre-rosellon.en-gb.html
331,Hotel Cortes,8.3,€ 97,"
Pets are not allowed.
",https://www.booking.com/hotel/es/ciutat-de-barcelona.en-gb.html
332,Tres Torres Atiram Hotels,8.3,€ 79,"
Pets are allowed on request. Charges may be applicable.
",https://www.booking.com/hotel/es/sbicaria.en-gb.html
333,Amister Apartments,9.2,€ 113,"
Pets are not allowed.
",https://www.booking.com/hotel/es/ohla.en-gb.html
334,Hostal Boutique Khronos,8.7,€ 106,"
Pets are allowed. Charges may be applicable.
",https://www.booking.com/hotel/es/sb-glow-4-sup.en-gb.html
335,Ally's Bed&Breakfast,8.1,€ 43,"
Pets are not allowed.
",https://www.booking.com/hotel/es/h10-port-vell.en-gb.html
336,Enjoybcn Coliseum Apartments,8.4,€ 340,"
Pets are not allowed.
",https://www.booking.com/hotel/es/royal-passeig-de-gracia.en-gb.html
337,Bed & Art Barcelona,7.4,€ 121,"
Pets are not allowed.
",https://www.booking.com/hotel/es/h10-casa-mimosa.en-gb.html
338,Cosmo Apartments Marina – Auditori,8.0,€ 155,"
Pets are allowed on request. Charges may be applicable.
",https://www.booking.com/hotel/es/novotel-barcelona-city.en-gb.html
339,Hotel Ciutadella Barcelona,8.3,€ 94,"
Pets are allowed. Charges may be applicable.
",https://www.booking.com/hotel/es/travelodge-barcelona-poblenou.en-gb.html
340,BCN Home Guest House,8.4,€ 77,"
Pets are not allowed.
",https://www.booking.com/hotel/es/barcelo-atenea-mar.en-gb.html
341,NH Barcelona Diagonal Center,8.3,€ 65,"
Pets are not allowed.
",https://www.booking.com/hotel/es/wilson.en-gb.html
342,SLEEP Fira by STAY,8.0,€ 209,"
Pets are not allowed.
",https://www.booking.com/hotel/es/hotelaxelbarcelona.en-gb.html
343,Hostal LIWI,8.8,€ 92,"
Pets are not allowed.
",https://www.booking.com/hotel/es/grandmarina.en-gb.html
344,Decô Apartments Barcelona-Diagonal,9.3,€ 262,0,https://www.booking.com/hotel/es/barcelona-1882-barcelona1.en-gb.html
345,C211 Barcelona Apartments,8.9,€ 186,"
Pets are not allowed.
",https://www.booking.com/hotel/es/bcn-montjuic.en-gb.html
346,Cosmo Suite Penthouse,9.1,"€ 1,301","
Free!
Pets are allowed. No extra charges.
",https://www.booking.com/hotel/es/kimpton-barcelona.en-gb.html
347,Urban District Apartments - Rambla Suites & Pool,8.2,€ 159,"


Free!


All pools are free of charge
",https://www.booking.com/hotel/es/arts-barcelona.en-gb.html
348,Hostal Nova Barcelona,8.5,€ 45,"
Pets are not allowed.
",https://www.booking.com/hotel/es/vinccimaritimo.en-gb.html
349,CoolRooms Maldà,-1,€ 666666,"
Pets are not allowed.
",https://www.booking.com/hotel/es/lleo.en-gb.html
350,Hostal Boutique Khronos,8.7,€ 106,"
Pets are allowed. Charges may be applicable.
",https://www.booking.com/hotel/es/w-barcelona.en-gb.html
351,NH Barcelona Diagonal Center,8.3,€ 65,"
Pets are not allowed.
",https://www.booking.com/hotel/es/negresco-princess.en-gb.html
352,Hotel Aneto,7.9,€ 71,"
Pets are not allowed.
",https://www.booking.com/hotel/es/h10-cubik.en-gb.html
353,AinB Eixample-Entença Apartments,8.0,€ 115,"
Free!
Pets are allowed on request. No extra charges.
",https://www.booking.com/hotel/es/avenidapalace.en-gb.html
354,Sixtytwo Hotel,9.3,€ 278,"
Pets are allowed on request. Charges may be applicable.
",https://www.booking.com/hotel/es/diagonal-zero.en-gb.html
355,Circa 1905,9.3,€ 86,"
Pets are not allowed.
",https://www.booking.com/hotel/es/ciutat-de-barcelona.en-gb.html
356,Charmsuites Nou Rambla,7.9,€ 124,"
Pets are not allowed.
",https://www.booking.com/hotel/es/ayre-rosellon.en-gb.html
357,AC Hotel Sants,8.2,€ 133,"
Pets are allowed on request. Charges may be applicable.
",https://www.booking.com/hotel/es/sbicaria.en-gb.html
358,Hostal Bejar,7.7,€ 44,"
Pets are not allowed.
",https://www.booking.com/hotel/es/ohla.en-gb.html
359,Mayerling Schumann Barcelona,8.0,€ 147,"
Pets are allowed. Charges may be applicable.
",https://www.booking.com/hotel/es/sb-glow-4-sup.en-gb.html
360,Midtown Luxury Apartments,8.3,€ 128,"
Pets are not allowed.
",https://www.booking.com/hotel/es/h10-port-vell.en-gb.html
361,Apartment Guell,9.4,€ 191,"
Pets are not allowed.
",https://www.booking.com/hotel/es/h10-casa-mimosa.en-gb.html
362,BUHO Boutique Rooms,8.6,€ 75,"
Pets are allowed on request. Charges may be applicable.
",https://www.booking.com/hotel/es/novotel-barcelona-city.en-gb.html
363,Hostal Lleida,8.5,€ 56,"
Pets are allowed. Charges may be applicable.
",https://www.booking.com/hotel/es/travelodge-barcelona-poblenou.en-gb.html
364,Urban District Apartments - Rambla Suites & Pool,8.2,€ 159,"
Pets are not allowed.
",https://www.booking.com/hotel/es/barcelo-atenea-mar.en-gb.html
365,Hotel Sofia Barcelona - in The Unbound Collection by Hyatt,9.2,€ 230,"
Pets are not allowed.
",https://www.booking.com/hotel/es/wilson.en-gb.html
366,Hostal Natura Barcelona,7.9,€ 57,"
Pets are not allowed.
",https://www.booking.com/hotel/es/hotelaxelbarcelona.en-gb.html
367,Eric Vökel Boutique Apartments - BCN Suites,9.0,€ 193,"
Pets are not allowed.
",https://www.booking.com/hotel/es/grandmarina.en-gb.html
368,Catalonia Magdalenes,9.4,€ 122,0,https://www.booking.com/hotel/es/barcelona-1882-barcelona1.en-gb.html
369,Paral·lel,8.5,€ 57,"
Pets are not allowed.
",https://www.booking.com/hotel/es/royal-passeig-de-gracia.en-gb.html
370,Decô Apartments Barcelona-Born Apt.,9.2,€ 282,"
Pets are not allowed.
",https://www.booking.com/hotel/es/bcn-montjuic.en-gb.html
371,Diagonal House,7.9,€ 37,"
Free!
Pets are allowed. No extra charges.
",https://www.booking.com/hotel/es/kimpton-barcelona.en-gb.html
372,Ako Suites Hotel,8.7,€ 142,"
Pets are not allowed.
",https://www.booking.com/hotel/es/gran-via-678.en-gb.html
373,AinB Las Ramblas-Guardia Apartments,7.4,€ 111,"


Free!


All pools are free of charge
",https://www.booking.com/hotel/es/arts-barcelona.en-gb.html
374,Leonardo Hotel Barcelona Gran Via,8.5,€ 120,"
Pets are not allowed.
",https://www.booking.com/hotel/es/vinccimaritimo.en-gb.html
375,AinB Las Ramblas-Guardia Apartments,7.4,€ 111,"
Pets are allowed. Charges may be applicable.
",https://www.booking.com/hotel/es/w-barcelona.en-gb.html
376,Leonardo Hotel Barcelona Gran Via,8.5,€ 120,"
Pets are not allowed.
",https://www.booking.com/hotel/es/negresco-princess.en-gb.html
377,Casa Neri Apartments,9.2,€ 270,"
Pets are not allowed.
",https://www.booking.com/hotel/es/h10-cubik.en-gb.html
378,NH Barcelona Stadium,8.4,€ 73,"
Free!
Pets are allowed on request. No extra charges.
",https://www.booking.com/hotel/es/avenidapalace.en-gb.html
379,"Hotel Barcelona Condal Mar, managed by Meliá",8.1,€ 98,"
Pets are allowed on request. Charges may be applicable.
",https://www.booking.com/hotel/es/diagonal-zero.en-gb.html
380,Hotel Best 4 Barcelona,7.8,€ 85,"
Pets are not allowed.
",https://www.booking.com/hotel/es/ciutat-de-barcelona.en-gb.html
381,Hotel Roger de Llúria,8.6,€ 121,"
Pets are not allowed.
",https://www.booking.com/hotel/es/ayre-rosellon.en-gb.html
382,Apartment Guell,9.4,€ 191,"
Pets are allowed on request. Charges may be applicable.
",https://www.booking.com/hotel/es/sbicaria.en-gb.html
383,ZT Barcelona,8.5,€ 103,"
Pets are allowed. Charges may be applicable.
",https://www.booking.com/hotel/es/sb-glow-4-sup.en-gb.html
384,Break N Bed,7.8,€ 535,"
Pets are not allowed.
",https://www.booking.com/hotel/es/ohla.en-gb.html
385,Hostal Nova Barcelona,8.5,€ 45,"
Pets are not allowed.
",https://www.booking.com/hotel/es/h10-port-vell.en-gb.html
386,Hostel Friends Barcelona,7.5,€ 56,"
Pets are not allowed.
",https://www.booking.com/hotel/es/h10-casa-mimosa.en-gb.html
387,LM Rooms BCN,7.9,€ 66,"
Pets are allowed on request. Charges may be applicable.
",https://www.booking.com/hotel/es/novotel-barcelona-city.en-gb.html
388,Room Mate Gerard,9.0,€ 151,"
Pets are allowed. Charges may be applicable.
",https://www.booking.com/hotel/es/travelodge-barcelona-poblenou.en-gb.html
389,Sir Victor Hotel,8.9,€ 245,"
Pets are not allowed.
",https://www.booking.com/hotel/es/barcelo-atenea-mar.en-gb.html
390,HCC Regente,8.3,€ 77,"
Pets are not allowed.
",https://www.booking.com/hotel/es/wilson.en-gb.html
391,TOC Hostel Barcelona,8.8,€ 137,"
Pets are not allowed.
",https://www.booking.com/hotel/es/hotelaxelbarcelona.en-gb.html
392,Anba Boutique,9.3,€ 160,"
Pets are not allowed.
",https://www.booking.com/hotel/es/grandmarina.en-gb.html
393,Hotel DO Plaça Reial G.L.,9.1,€ 192,0,https://www.booking.com/hotel/es/barcelona-1882-barcelona1.en-gb.html
394,Charmsuites Nou Rambla,7.9,€ 124,"
Pets are not allowed.
",https://www.booking.com/hotel/es/royal-passeig-de-gracia.en-gb.html
395,Umma Barcelona B&B Boutique,9.1,€ 73,"
Pets are not allowed.
",https://www.booking.com/hotel/es/bcn-montjuic.en-gb.html
396,Buba House,8.2,€ 49,"
Free!
Pets are allowed. No extra charges.
",https://www.booking.com/hotel/es/kimpton-barcelona.en-gb.html
397,HCC St. Moritz,8.8,€ 91,"


Free!


All pools are free of charge
",https://www.booking.com/hotel/es/arts-barcelona.en-gb.html
398,Your Home in Barcelona Apartments,8.7,€ 80,"
Pets are not allowed.
",https://www.booking.com/hotel/es/paseo-de-gracia-apartments-barcelona.en-gb.html
399,The Level at Melia Barcelona Sky,8.7,€ 154,"
Pets are not allowed.
",https://www.booking.com/hotel/es/vinccimaritimo.en-gb.html
400,Your Home in Barcelona Apartments,8.7,€ 80,"
Pets are allowed. Charges may be applicable.
",https://www.booking.com/hotel/es/w-barcelona.en-gb.html
401,The Level at Melia Barcelona Sky,8.7,€ 154,"
Pets are not allowed.
",https://www.booking.com/hotel/es/negresco-princess.en-gb.html
402,Decô Apartments Barcelona-Born St.,8.5,€ 230,"
Pets are not allowed.
",https://www.booking.com/hotel/es/h10-cubik.en-gb.html
403,Hostal LIWI,8.8,€ 92,"
Free!
Pets are allowed on request. No extra charges.
",https://www.booking.com/hotel/es/avenidapalace.en-gb.html
404,Olivia Plaza Hotel,9.5,€ 227,"
Pets are allowed on request. Charges may be applicable.
",https://www.booking.com/hotel/es/diagonal-zero.en-gb.html
405,Hostal Lesseps,8.1,€ 93,"
Pets are not allowed.
",https://www.booking.com/hotel/es/ayre-rosellon.en-gb.html
406,Melia Barcelona Sarriá,8.3,€ 145,"
Pets are not allowed.
",https://www.booking.com/hotel/es/ciutat-de-barcelona.en-gb.html
407,Hotel Actual,8.8,€ 126,"
Pets are allowed on request. Charges may be applicable.
",https://www.booking.com/hotel/es/sbicaria.en-gb.html
408,Plaza Catalunya City Center Apartments,7.6,€ 440,"
Pets are not allowed.
",https://www.booking.com/hotel/es/ohla.en-gb.html
409,Hostemplo Sagrada Familia,8.6,€ 162,"
Pets are allowed. Charges may be applicable.
",https://www.booking.com/hotel/es/sb-glow-4-sup.en-gb.html
410,Hostal Fina,8.2,€ 71,"
Pets are not allowed.
",https://www.booking.com/hotel/es/h10-port-vell.en-gb.html
411,Tibidabo Apartments,8.7,€ 125,"
Pets are not allowed.
",https://www.booking.com/hotel/es/royal-passeig-de-gracia.en-gb.html
412,Barcelona Apartment Val,8.7,€ 155,"
Pets are not allowed.
",https://www.booking.com/hotel/es/h10-casa-mimosa.en-gb.html
413,St Christopher's Inn Barcelona,8.4,€ 166,"
Pets are allowed on request. Charges may be applicable.
",https://www.booking.com/hotel/es/novotel-barcelona-city.en-gb.html
414,Apartments Hotel Sant Pau,8.5,€ 105,"
Pets are allowed. Charges may be applicable.
",https://www.booking.com/hotel/es/travelodge-barcelona-poblenou.en-gb.html
415,Aparthotel Allada 3*,8.3,€ 114,"
Pets are not allowed.
",https://www.booking.com/hotel/es/barcelo-atenea-mar.en-gb.html
416,Factory Suites Barcelona,8.8,€ 139,"
Pets are not allowed.
",https://www.booking.com/hotel/es/wilson.en-gb.html
417,CASA DERY BARCELONA,8.1,€ 53,"
Pets are not allowed.
",https://www.booking.com/hotel/es/hotelaxelbarcelona.en-gb.html
418,Amra Barcelona Caspe,8.1,€ 53,"
Pets are not allowed.
",https://www.booking.com/hotel/es/grandmarina.en-gb.html
419,Passeig de Gracia Studio Loft,9.3,€ 180,0,https://www.booking.com/hotel/es/barcelona-1882-barcelona1.en-gb.html
420,AinB Eixample-Miro Apartments,7.9,€ 115,"
Pets are not allowed.
",https://www.booking.com/hotel/es/bcn-montjuic.en-gb.html
421,Hotel Best Aranea,8.5,€ 76,"
Free!
Pets are allowed. No extra charges.
",https://www.booking.com/hotel/es/kimpton-barcelona.en-gb.html
422,Grand Hotel Central,9.1,€ 241,"
Pets are not allowed.
",https://www.booking.com/hotel/es/gran-via-678.en-gb.html
423,Hostal Nuevo Colon,8.0,€ 41,"


Free!


All pools are free of charge
",https://www.booking.com/hotel/es/arts-barcelona.en-gb.html
424,HCC St. Moritz,8.8,€ 91,"
Pets are not allowed.
",https://www.booking.com/hotel/es/paseo-de-gracia-apartments-barcelona.en-gb.html
425,Hotel Murmuri Barcelona,8.8,€ 140,"
Pets are allowed. Charges may be applicable.
",https://www.booking.com/hotel/es/w-barcelona.en-gb.html
426,Catalonia La Pedrera,8.5,€ 82,"
Pets are not allowed.
",https://www.booking.com/hotel/es/negresco-princess.en-gb.html
427,Hotel Pelayo,8.0,€ 87,"
Pets are not allowed.
",https://www.booking.com/hotel/es/h10-cubik.en-gb.html
428,Amra Barcelona Caspe,8.1,€ 53,"
Free!
Pets are allowed on request. No extra charges.
",https://www.booking.com/hotel/es/avenidapalace.en-gb.html
429,Mayerling Bisbe Urquinaona,8.2,€ 162,"
Pets are allowed on request. Charges may be applicable.
",https://www.booking.com/hotel/es/diagonal-zero.en-gb.html
430,Hotel Reding Croma,8.7,€ 86,"
Pets are not allowed.
",https://www.booking.com/hotel/es/ciutat-de-barcelona.en-gb.html
431,Passeig de Gracia Studio Loft,9.3,€ 180,"
Pets are not allowed.
",https://www.booking.com/hotel/es/ayre-rosellon.en-gb.html
432,Catalonia Gran Via BCN,9.0,€ 82,"
Pets are allowed on request. Charges may be applicable.
",https://www.booking.com/hotel/es/sbicaria.en-gb.html
433,Residencia Talitha,7.0,€ 88,"
Pets are not allowed.
",https://www.booking.com/hotel/es/ohla.en-gb.html
434,Principal B&Bcn,8.7,€ 151,"
Pets are allowed. Charges may be applicable.
",https://www.booking.com/hotel/es/sb-glow-4-sup.en-gb.html
435,Room Mate Carla,9.1,€ 147,"
Pets are not allowed.
",https://www.booking.com/hotel/es/h10-port-vell.en-gb.html
436,AinB Diagonal Francesc Macià Apartments,7.2,€ 285,"
Pets are not allowed.
",https://www.booking.com/hotel/es/h10-casa-mimosa.en-gb.html
437,Petit Hotel,8.5,€ 65,"
Pets are allowed on request. Charges may be applicable.
",https://www.booking.com/hotel/es/novotel-barcelona-city.en-gb.html
438,Pol & Grace Hotel,8.8,€ 90,"
Pets are allowed. Charges may be applicable.
",https://www.booking.com/hotel/es/travelodge-barcelona-poblenou.en-gb.html
439,Charming Flats by Aspasios,8.7,€ 149,"
Pets are not allowed.
",https://www.booking.com/hotel/es/barcelo-atenea-mar.en-gb.html
440,Renaissance Barcelona Hotel,8.1,€ 183,"
Pets are not allowed.
",https://www.booking.com/hotel/es/wilson.en-gb.html
441,Acta Atrium Palace,8.5,€ 102,"
Pets are not allowed.
",https://www.booking.com/hotel/es/grandmarina.en-gb.html
442,Rambla 102,9.2,€ 145,0,https://www.booking.com/hotel/es/barcelona-1882-barcelona1.en-gb.html
443,Eurostars Ramblas,8.2,€ 82,"
Pets are not allowed.
",https://www.booking.com/hotel/es/hotelaxelbarcelona.en-gb.html
444,Luxury Seaview-Forum-CCIB-Apart ent,7.3,€ 155,"
Pets are not allowed.
",https://www.booking.com/hotel/es/royal-passeig-de-gracia.en-gb.html
445,Som Nit Born,8.4,€ 71,"
Pets are not allowed.
",https://www.booking.com/hotel/es/bcn-montjuic.en-gb.html
446,The Wittmore - Adults Only,9.2,€ 234,"
Free!
Pets are allowed. No extra charges.
",https://www.booking.com/hotel/es/kimpton-barcelona.en-gb.html
447,Hostal Iznajar Barcelona,8.2,€ 71,"


Free!


All pools are free of charge
",https://www.booking.com/hotel/es/arts-barcelona.en-gb.html
448,Break N Bed,7.8,€ 535,"
Pets are not allowed.
",https://www.booking.com/hotel/es/vinccimaritimo.en-gb.html
449,Hotel Peninsular,7.6,€ 66,"
Pets are not allowed.
",https://www.booking.com/hotel/es/lleo.en-gb.html
450,SM Hotel Sant Antoni,8.7,€ 80,"
Pets are allowed. Charges may be applicable.
",https://www.booking.com/hotel/es/w-barcelona.en-gb.html
451,Live & Dream,8.2,€ 143,"
Pets are not allowed.
",https://www.booking.com/hotel/es/negresco-princess.en-gb.html
452,Alguera Apartments Sant Andreu,7.9,"€ 1,105","
Pets are not allowed.
",https://www.booking.com/hotel/es/h10-cubik.en-gb.html
453,Eurostars Ramblas,8.2,€ 82,"
Free!
Pets are allowed on request. No extra charges.
",https://www.booking.com/hotel/es/avenidapalace.en-gb.html
454,AinB Diagonal Francesc Macià Apartments,7.2,€ 285,"
Pets are allowed on request. Charges may be applicable.
",https://www.booking.com/hotel/es/diagonal-zero.en-gb.html
455,Som Nit Triomf,8.2,€ 71,"
Pets are not allowed.
",https://www.booking.com/hotel/es/ayre-rosellon.en-gb.html
456,Exe Plaza Catalunya,-1,€ 666666,"
Pets are not allowed.
",https://www.booking.com/hotel/es/ciutat-de-barcelona.en-gb.html
457,Room Mate Emma,9.0,€ 130,"
Pets are allowed on request. Charges may be applicable.
",https://www.booking.com/hotel/es/sbicaria.en-gb.html
458,Hotel Viladomat by Silken,7.8,€ 696,"
Pets are not allowed.
",https://www.booking.com/hotel/es/ohla.en-gb.html
459,Bcn Paseo De Gracia Rocamora Apartment,9.1,€ 275,"
Pets are allowed. Charges may be applicable.
",https://www.booking.com/hotel/es/sb-glow-4-sup.en-gb.html
460,Onix Rambla,8.6,€ 80,"
Pets are not allowed.
",https://www.booking.com/hotel/es/h10-port-vell.en-gb.html
461,Hostal Poblenou B&B,8.8,€ 89,"
Pets are not allowed.
",https://www.booking.com/hotel/es/royal-passeig-de-gracia.en-gb.html
462,Toro,-1,€ 666666,"
Pets are not allowed.
",https://www.booking.com/hotel/es/h10-casa-mimosa.en-gb.html
463,Boat Accommodations Barcelona,-1,€ 666666,"
Pets are allowed on request. Charges may be applicable.
",https://www.booking.com/hotel/es/novotel-barcelona-city.en-gb.html
464,Ona Hotels Arya,8.8,€ 105,"
Pets are allowed. Charges may be applicable.
",https://www.booking.com/hotel/es/travelodge-barcelona-poblenou.en-gb.html
465,Atlantis by Atbcn,8.7,€ 71,"
Pets are not allowed.
",https://www.booking.com/hotel/es/barcelo-atenea-mar.en-gb.html
466,Hostal Parisien,7.4,€ 103,"
Pets are not allowed.
",https://www.booking.com/hotel/es/wilson.en-gb.html
467,Dalí Residence,6.6,€ 154,"
Pets are not allowed.
",https://www.booking.com/hotel/es/hotelaxelbarcelona.en-gb.html
468,Hostal Lesseps,8.1,€ 93,"
Pets are not allowed.
",https://www.booking.com/hotel/es/grandmarina.en-gb.html
469,Barcelona City Seven,7.2,€ 32,0,https://www.booking.com/hotel/es/barcelona-1882-barcelona1.en-gb.html
470,HCC Regente,8.3,€ 77,"
Pets are not allowed.
",https://www.booking.com/hotel/es/bcn-montjuic.en-gb.html
471,Hostal Operaramblas,8.9,€ 68,"
Free!
Pets are allowed. No extra charges.
",https://www.booking.com/hotel/es/kimpton-barcelona.en-gb.html
472,Hostal Ideal Sants,5.8,€ 54,"


Free!


All pools are free of charge
",https://www.booking.com/hotel/es/arts-barcelona.en-gb.html
473,Best House Best Place,9.3,€ 235,"
Pets are not allowed.
",https://www.booking.com/hotel/es/paseo-de-gracia-apartments-barcelona.en-gb.html
474,Cosmo Apartments Rambla Catalunya,9.0,€ 210,"
Pets are not allowed.
",https://www.booking.com/hotel/es/vinccimaritimo.en-gb.html
475,Serennia Exclusive Rooms,8.7,€ 66,"
Pets are allowed. Charges may be applicable.
",https://www.booking.com/hotel/es/w-barcelona.en-gb.html
476,Beach Penthouse near center with pool,8.0,€ 241,"
Pets are not allowed.
",https://www.booking.com/hotel/es/negresco-princess.en-gb.html
477,Chic & Basic Born Boutique Hotel,8.4,€ 71,"
Pets are not allowed.
",https://www.booking.com/hotel/es/h10-cubik.en-gb.html
478,Hesperia Barcelona Barri Gòtic,8.5,€ 81,"
Free!
Pets are allowed on request. No extra charges.
",https://www.booking.com/hotel/es/avenidapalace.en-gb.html
479,HCC Lugano,8.4,€ 76,"
Pets are allowed on request. Charges may be applicable.
",https://www.booking.com/hotel/es/diagonal-zero.en-gb.html
480,Mayerling Abamita Apartments,8.8,€ 173,"
Pets are not allowed.
",https://www.booking.com/hotel/es/ciutat-de-barcelona.en-gb.html
481,Hostal Bcn Port,8.0,€ 36,"
Pets are not allowed.
",https://www.booking.com/hotel/es/ayre-rosellon.en-gb.html
482,Apkeys Barcino Balmes,7.8,€ 220,"
Pets are allowed on request. Charges may be applicable.
",https://www.booking.com/hotel/es/sbicaria.en-gb.html
483,Charmsuites Paralel,7.7,€ 104,"
Pets are not allowed.
",https://www.booking.com/hotel/es/ohla.en-gb.html
484,Kabul Party Hostel Barcelona,8.6,€ 75,"
Pets are allowed. Charges may be applicable.
",https://www.booking.com/hotel/es/sb-glow-4-sup.en-gb.html
485,AinB Sagrada Familia Apartments,7.8,€ 111,"
Pets are not allowed.
",https://www.booking.com/hotel/es/h10-port-vell.en-gb.html
486,Condes de Barcelona,9.0,€ 162,"
Pets are not allowed.
",https://www.booking.com/hotel/es/h10-casa-mimosa.en-gb.html
487,La Casa Gran B&B,9.2,€ 150,"
Pets are allowed on request. Charges may be applicable.
",https://www.booking.com/hotel/es/novotel-barcelona-city.en-gb.html
488,Aspasios Plaza Real Apartments,8.4,€ 154,"
Pets are allowed. Charges may be applicable.
",https://www.booking.com/hotel/es/travelodge-barcelona-poblenou.en-gb.html
489,HiGuests - Sagrada Familia Apartments,-1,€ 666666,"
Pets are not allowed.
",https://www.booking.com/hotel/es/barcelo-atenea-mar.en-gb.html
490,MINIFLAT IN THE CENTER OF BARCELONA,-1,€ 666666,"
Pets are not allowed.
",https://www.booking.com/hotel/es/wilson.en-gb.html
491,Apartamentos Navas 2,8.6,€ 184,"
Pets are not allowed.
",https://www.booking.com/hotel/es/hotelaxelbarcelona.en-gb.html
492,TOC Hostel Barcelona,8.8,€ 137,"
Pets are not allowed.
",https://www.booking.com/hotel/es/grandmarina.en-gb.html
493,Suites Center Barcelona,9.8,€ 290,0,https://www.booking.com/hotel/es/barcelona-1882-barcelona1.en-gb.html
494,Ramblas by Pillow,8.8,€ 95,"
Pets are not allowed.
",https://www.booking.com/hotel/es/royal-passeig-de-gracia.en-gb.html
495,Aparthotel Bonanova,8.3,€ 111,"
Pets are not allowed.
",https://www.booking.com/hotel/es/bcn-montjuic.en-gb.html
496,Factory Suites Barcelona,8.8,€ 139,"
Free!
Pets are allowed. No extra charges.
",https://www.booking.com/hotel/es/kimpton-barcelona.en-gb.html
497,Boat Hotel Barcelona,9.3,€ 211,"
Pets are not allowed.
",https://www.booking.com/hotel/es/gran-via-678.en-gb.html
498,The Barcelona EDITION,-1,€ 666666,"


Free!


All pools are free of charge
",https://www.booking.com/hotel/es/arts-barcelona.en-gb.html
499,Chic & Basic Lemon Boutique Hotel,8.9,€ 69,"
Pets are not allowed.
",https://www.booking.com/hotel/es/vinccimaritimo.en-gb.html
