,Id,Name,Playlist_Id,Album_Id,Date_added,Duration,Popularity,Danceability,Energy,Loudness,Speechiness,Acousticness,Instrumentalness,Liveness,Valence,Tempo,Key,Mode,Track_Number,Unnamed: 0,added_at,track.album.album_type,track.album.artists,track.album.available_markets,track.album.external_urls.spotify,track.album.href,track.album.id,track.album.images,track.album.name,track.album.release_date,track.album.release_date_precision,track.album.total_tracks,track.album.type,track.album.uri,track.artists,track.available_markets,track.disc_number,track.duration_ms,track.explicit,track.external_ids.isrc,track.external_urls.spotify,track.href,track.id,track.is_local,track.name,track.popularity,track.preview_url,track.track_number,track.type,track.uri,tracks_features.danceability,tracks_features.energy,tracks_features.key,tracks_features.loudness,tracks_features.mode,tracks_features.speechiness,tracks_features.acousticness,tracks_features.instrumentalness,tracks_features.liveness,tracks_features.valence,tracks_features.tempo,tracks_features.type,tracks_features.id,tracks_features.uri,tracks_features.track_href,tracks_features.analysis_url,tracks_features.duration_ms,tracks_features.time_signature,C1,C2,C3,cluster,distance_cluster
1,14EeHJP2ZhOqabZgCAF27r,Artichaut,3ypuzkCtKGOQ0Y63x295Jx,5VOdrHq3pi0FTHQZtBaj7V,2018-10-24T14:52:55Z,265093.0,0.0,0.695,0.879,-5.655,0.16,0.223,0.19699999999999998,0.6890000000000001,0.91,203.886,4,1,2.0,1.0,2019-08-17T10:08:52Z,album,"[{'external_urls': {'spotify': 'https://open.spotify.com/artist/6vPXtLmNd3mW0dd1Rb9eQ9'}, 'href': 'https://api.spotify.com/v1/artists/6vPXtLmNd3mW0dd1Rb9eQ9', 'id': '6vPXtLmNd3mW0dd1Rb9eQ9', 'name': 'Don Patricio', 'type': 'artist', 'uri': 'spotify:artist:6vPXtLmNd3mW0dd1Rb9eQ9'}]","['AD', 'AE', 'AR', 'AT', 'AU', 'BE', 'BG', 'BH', 'BO', 'BR', 'CA', 'CH', 'CL', 'CO', 'CR', 'CY', 'CZ', 'DE', 'DK', 'DO', 'DZ', 'EC', 'EE', 'EG', 'ES', 'FI', 'FR', 'GB', 'GR', 'GT', 'HK', 'HN', 'HU', 'ID', 'IE', 'IL', 'IS', 'IT', 'JO', 'JP', 'KW', 'LB', 'LI', 'LT', 'LU', 'LV', 'MA', 'MC', 'MT', 'MX', 'MY', 'NI', 'NL', 'NO', 'NZ', 'OM', 'PA', 'PE', 'PH', 'PL', 'PS', 'PT', 'PY', 'QA', 'RO', 'SA', 'SE', 'SG', 'SK', 'SV', 'TH', 'TN', 'TR', 'TW', 'US', 'UY', 'VN', 'ZA']",https://open.spotify.com/album/507EX6i0GGn2b4l2DGcl2y,https://api.spotify.com/v1/albums/507EX6i0GGn2b4l2DGcl2y,507EX6i0GGn2b4l2DGcl2y,"[{'height': 640, 'url': 'https://i.scdn.co/image/96008999e1d9a12ab2ca9d5fba6bad7e53d8fba7', 'width': 640}, {'height': 300, 'url': 'https://i.scdn.co/image/a19f800e3e730e64b81ec25e2698ac07f74adfae', 'width': 300}, {'height': 64, 'url': 'https://i.scdn.co/image/9729bb94e22c6f248f04b0efe73734a3dd276eba', 'width': 64}]",La Dura Vida del Joven Rapero,2019-01-27,day,15.0,album,spotify:album:507EX6i0GGn2b4l2DGcl2y,"[{'external_urls': {'spotify': 'https://open.spotify.com/artist/6vPXtLmNd3mW0dd1Rb9eQ9'}, 'href': 'https://api.spotify.com/v1/artists/6vPXtLmNd3mW0dd1Rb9eQ9', 'id': '6vPXtLmNd3mW0dd1Rb9eQ9', 'name': 'Don Patricio', 'type': 'artist', 'uri': 'spotify:artist:6vPXtLmNd3mW0dd1Rb9eQ9'}]","['AD', 'AE', 'AR', 'AT', 'AU', 'BE', 'BG', 'BH', 'BO', 'BR', 'CA', 'CH', 'CL', 'CO', 'CR', 'CY', 'CZ', 'DE', 'DK', 'DO', 'DZ', 'EC', 'EE', 'EG', 'ES', 'FI', 'FR', 'GB', 'GR', 'GT', 'HK', 'HN', 'HU', 'ID', 'IE', 'IL', 'IS', 'IT', 'JO', 'JP', 'KW', 'LB', 'LI', 'LT', 'LU', 'LV', 'MA', 'MC', 'MT', 'MX', 'MY', 'NI', 'NL', 'NO', 'NZ', 'OM', 'PA', 'PE', 'PH', 'PL', 'PS', 'PT', 'PY', 'QA', 'RO', 'SA', 'SE', 'SG', 'SK', 'SV', 'TH', 'TN', 'TR', 'TW', 'US', 'UY', 'VN', 'ZA']",1.0,213373.0,True,USCGH1926854,https://open.spotify.com/track/6G8TNOdTBpBPmDdJAvoVhA,https://api.spotify.com/v1/tracks/6G8TNOdTBpBPmDdJAvoVhA,6G8TNOdTBpBPmDdJAvoVhA,False,Enchochado de Ti,72.0,https://p.scdn.co/mp3-preview/37500a5d557b8f05ac58a6cc28f9ee8a3f408e47?cid=22e782a724264812b124038bbf783396,2.0,track,spotify:track:6G8TNOdTBpBPmDdJAvoVhA,0.556,0.508,7.0,-6.564,1.0,0.35200000000000004,0.402,0.00533,0.165,0.53,180.071,audio_features,6G8TNOdTBpBPmDdJAvoVhA,spotify:track:6G8TNOdTBpBPmDdJAvoVhA,https://api.spotify.com/v1/tracks/6G8TNOdTBpBPmDdJAvoVhA,https://api.spotify.com/v1/audio-analysis/6G8TNOdTBpBPmDdJAvoVhA,213373.0,4.0,-2.285061304349668,2.795668759827091,0.27308477091118455,4,1.6271718815373881
2,4iGiK3PUx1r9G6N3vkQERe,Extra Mile,3ypuzkCtKGOQ0Y63x295Jx,5VOdrHq3pi0FTHQZtBaj7V,2018-10-24T14:52:55Z,305280.0,0.0,0.69,0.722,-5.898,0.261,0.268,0.000529,0.935,0.6609999999999999,175.889,0,1,3.0,2.0,2019-07-30T08:29:31Z,single,"[{'external_urls': {'spotify': 'https://open.spotify.com/artist/06HL4z0CvFAxyc27GXpf02'}, 'href': 'https://api.spotify.com/v1/artists/06HL4z0CvFAxyc27GXpf02', 'id': '06HL4z0CvFAxyc27GXpf02', 'name': 'Taylor Swift', 'type': 'artist', 'uri': 'spotify:artist:06HL4z0CvFAxyc27GXpf02'}, {'external_urls': {'spotify': 'https://open.spotify.com/artist/6eYFryfcEu3QSq59D62wZQ'}, 'href': 'https://api.spotify.com/v1/artists/6eYFryfcEu3QSq59D62wZQ', 'id': '6eYFryfcEu3QSq59D62wZQ', 'name': 'Brendon Urie', 'type': 'artist', 'uri': 'spotify:artist:6eYFryfcEu3QSq59D62wZQ'}, {'external_urls': {'spotify': 'https://open.spotify.com/artist/20JZFwl6HVl6yg8a4H3ZqK'}, 'href': 'https://api.spotify.com/v1/artists/20JZFwl6HVl6yg8a4H3ZqK', 'id': '20JZFwl6HVl6yg8a4H3ZqK', 'name': 'Panic! At The Disco', 'type': 'artist', 'uri': 'spotify:artist:20JZFwl6HVl6yg8a4H3ZqK'}]",[],https://open.spotify.com/album/0WGakTFs8cnggcYsHjIhgy,https://api.spotify.com/v1/albums/0WGakTFs8cnggcYsHjIhgy,0WGakTFs8cnggcYsHjIhgy,"[{'height': 640, 'url': 'https://i.scdn.co/image/1f2784adc8a50ba0064ca4fdfdb08b289235ab21', 'width': 640}, {'height': 300, 'url': 'https://i.scdn.co/image/0c5cf76ad481dd74603e103a4ac11bfeb0c2ce59', 'width': 300}, {'height': 64, 'url': 'https://i.scdn.co/image/72e484ec4162cf9114459e8a806e5779e2a5c0ee', 'width': 64}]",ME!,2019-04-26,day,1.0,album,spotify:album:0WGakTFs8cnggcYsHjIhgy,"[{'external_urls': {'spotify': 'https://open.spotify.com/artist/06HL4z0CvFAxyc27GXpf02'}, 'href': 'https://api.spotify.com/v1/artists/06HL4z0CvFAxyc27GXpf02', 'id': '06HL4z0CvFAxyc27GXpf02', 'name': 'Taylor Swift', 'type': 'artist', 'uri': 'spotify:artist:06HL4z0CvFAxyc27GXpf02'}, {'external_urls': {'spotify': 'https://open.spotify.com/artist/6eYFryfcEu3QSq59D62wZQ'}, 'href': 'https://api.spotify.com/v1/artists/6eYFryfcEu3QSq59D62wZQ', 'id': '6eYFryfcEu3QSq59D62wZQ', 'name': 'Brendon Urie', 'type': 'artist', 'uri': 'spotify:artist:6eYFryfcEu3QSq59D62wZQ'}]",[],1.0,193040.0,False,USUG11901267,https://open.spotify.com/track/4Sib57MmYGJzSvkW84jTwh,https://api.spotify.com/v1/tracks/4Sib57MmYGJzSvkW84jTwh,4Sib57MmYGJzSvkW84jTwh,False,ME! (feat. Brendon Urie of Panic! At The Disco),60.0,,1.0,track,spotify:track:4Sib57MmYGJzSvkW84jTwh,0.614,0.8390000000000001,0.0,-4.143,1.0,0.0702,0.0291,0.0,0.11199999999999999,0.657,182.123,audio_features,4Sib57MmYGJzSvkW84jTwh,spotify:track:4Sib57MmYGJzSvkW84jTwh,https://api.spotify.com/v1/tracks/4Sib57MmYGJzSvkW84jTwh,https://api.spotify.com/v1/audio-analysis/4Sib57MmYGJzSvkW84jTwh,193040.0,4.0,-2.6008948588088314,4.720022954062033,0.9672034083678158,4,2.71929969595893
3,2KTHFxwHv1eUUALTx7uBei,AAA (Triple A),3ypuzkCtKGOQ0Y63x295Jx,5VOdrHq3pi0FTHQZtBaj7V,2018-10-24T14:52:55Z,204026.0,15.0,0.6709999999999999,0.8059999999999999,-5.6320000000000014,0.0777,0.0564,3.42e-06,0.7390000000000001,0.8690000000000001,129.98,7,1,4.0,3.0,2019-07-29T08:41:26Z,album,"[{'external_urls': {'spotify': 'https://open.spotify.com/artist/6qqNVTkY8uBg9cP3Jd7DAH'}, 'href': 'https://api.spotify.com/v1/artists/6qqNVTkY8uBg9cP3Jd7DAH', 'id': '6qqNVTkY8uBg9cP3Jd7DAH', 'name': 'Billie Eilish', 'type': 'artist', 'uri': 'spotify:artist:6qqNVTkY8uBg9cP3Jd7DAH'}]","['AD', 'AE', 'AR', 'AT', 'AU', 'BE', 'BG', 'BH', 'BO', 'BR', 'CA', 'CH', 'CL', 'CO', 'CR', 'CY', 'CZ', 'DE', 'DK', 'DO', 'DZ', 'EC', 'EE', 'EG', 'ES', 'FI', 'FR', 'GB', 'GR', 'GT', 'HK', 'HN', 'HU', 'ID', 'IE', 'IL', 'IN', 'IS', 'IT', 'JO', 'JP', 'KW', 'LB', 'LI', 'LT', 'LU', 'LV', 'MA', 'MC', 'MT', 'MX', 'MY', 'NI', 'NL', 'NO', 'NZ', 'OM', 'PA', 'PE', 'PH', 'PL', 'PS', 'PT', 'PY', 'QA', 'RO', 'SA', 'SE', 'SG', 'SK', 'SV', 'TH', 'TN', 'TR', 'TW', 'US', 'UY', 'VN', 'ZA']",https://open.spotify.com/album/0S0KGZnfBGSIssfF54WSJh,https://api.spotify.com/v1/albums/0S0KGZnfBGSIssfF54WSJh,0S0KGZnfBGSIssfF54WSJh,"[{'height': 640, 'url': 'https://i.scdn.co/image/16160e9999e3395dfdef718d2e7cc8432d728920', 'width': 640}, {'height': 300, 'url': 'https://i.scdn.co/image/3f64a047ef7a183da1f57842ca8bb8b6b61dc836', 'width': 300}, {'height': 64, 'url': 'https://i.scdn.co/image/66effcd1e9e477d0f808c34dd52181c32d1cc894', 'width': 64}]","WHEN WE ALL FALL ASLEEP, WHERE DO WE GO?",2019-03-29,day,14.0,album,spotify:album:0S0KGZnfBGSIssfF54WSJh,"[{'external_urls': {'spotify': 'https://open.spotify.com/artist/6qqNVTkY8uBg9cP3Jd7DAH'}, 'href': 'https://api.spotify.com/v1/artists/6qqNVTkY8uBg9cP3Jd7DAH', 'id': '6qqNVTkY8uBg9cP3Jd7DAH', 'name': 'Billie Eilish', 'type': 'artist', 'uri': 'spotify:artist:6qqNVTkY8uBg9cP3Jd7DAH'}]","['AD', 'AE', 'AR', 'AT', 'AU', 'BE', 'BG', 'BH', 'BO', 'BR', 'CA', 'CH', 'CL', 'CO', 'CR', 'CY', 'CZ', 'DE', 'DK', 'DO', 'DZ', 'EC', 'EE', 'EG', 'ES', 'FI', 'FR', 'GB', 'GR', 'GT', 'HK', 'HN', 'HU', 'ID', 'IE', 'IL', 'IN', 'IS', 'IT', 'JO', 'JP', 'KW', 'LB', 'LI', 'LT', 'LU', 'LV', 'MA', 'MC', 'MT', 'MX', 'MY', 'NI', 'NL', 'NO', 'NZ', 'OM', 'PA', 'PE', 'PH', 'PL', 'PS', 'PT', 'PY', 'QA', 'RO', 'SA', 'SE', 'SG', 'SK', 'SV', 'TH', 'TN', 'TR', 'TW', 'US', 'UY', 'VN', 'ZA']",1.0,194087.0,False,USUM71900764,https://open.spotify.com/track/2Fxmhks0bxGSBdJ92vM42m,https://api.spotify.com/v1/tracks/2Fxmhks0bxGSBdJ92vM42m,2Fxmhks0bxGSBdJ92vM42m,False,bad guy,95.0,,2.0,track,spotify:track:2Fxmhks0bxGSBdJ92vM42m,0.701,0.425,7.0,-10.965,1.0,0.375,0.32799999999999996,0.13,0.1,0.562,135.128,audio_features,2Fxmhks0bxGSBdJ92vM42m,spotify:track:2Fxmhks0bxGSBdJ92vM42m,https://api.spotify.com/v1/tracks/2Fxmhks0bxGSBdJ92vM42m,https://api.spotify.com/v1/audio-analysis/2Fxmhks0bxGSBdJ92vM42m,194088.0,4.0,-2.3372232320561617,2.3760835831085347,-1.0563963082187187,4,1.1339956248665681
9,1Z0UlpDHhTmRRF2p5aZPa7,Vive le swing (Gabin Brassy Remix),3ypuzkCtKGOQ0Y63x295Jx,5VOdrHq3pi0FTHQZtBaj7V,2018-10-24T14:52:55Z,266133.0,0.0,0.7859999999999999,0.831,-5.62,0.12,0.0724,0.0,0.853,0.799,117.964,10,0,10.0,9.0,2019-06-18T07:49:01Z,album,"[{'external_urls': {'spotify': 'https://open.spotify.com/artist/5E7zSu46SqTmgKqsc0tFkY'}, 'href': 'https://api.spotify.com/v1/artists/5E7zSu46SqTmgKqsc0tFkY', 'id': '5E7zSu46SqTmgKqsc0tFkY', 'name': 'Okkervil River', 'type': 'artist', 'uri': 'spotify:artist:5E7zSu46SqTmgKqsc0tFkY'}]","['AD', 'AE', 'AR', 'AT', 'AU', 'BE', 'BG', 'BH', 'BO', 'BR', 'CA', 'CH', 'CL', 'CO', 'CR', 'CY', 'CZ', 'DE', 'DK', 'DO', 'DZ', 'EC', 'EE', 'EG', 'ES', 'FI', 'FR', 'GB', 'GR', 'GT', 'HK', 'HN', 'HU', 'ID', 'IE', 'IL', 'IN', 'IS', 'IT', 'JO', 'JP', 'KW', 'LB', 'LI', 'LT', 'LU', 'LV', 'MA', 'MC', 'MT', 'MX', 'MY', 'NI', 'NL', 'NO', 'NZ', 'OM', 'PA', 'PE', 'PH', 'PL', 'PS', 'PT', 'PY', 'QA', 'RO', 'SA', 'SE', 'SG', 'SK', 'SV', 'TH', 'TN', 'TR', 'TW', 'US', 'UY', 'VN', 'ZA']",https://open.spotify.com/album/4iyJdf6kUi1QrnluWY0GfQ,https://api.spotify.com/v1/albums/4iyJdf6kUi1QrnluWY0GfQ,4iyJdf6kUi1QrnluWY0GfQ,"[{'height': 640, 'url': 'https://i.scdn.co/image/178284cc9fe07e4cb96fea14a5060460f097caaa', 'width': 640}, {'height': 300, 'url': 'https://i.scdn.co/image/71c4cdba0cea978dbd53502e1923021d1bd476cc', 'width': 300}, {'height': 64, 'url': 'https://i.scdn.co/image/363fd7a21fab3aef5a4f812eaf5a6192a0f465ec', 'width': 64}]",The Stand Ins,2008-09-09,day,11.0,album,spotify:album:4iyJdf6kUi1QrnluWY0GfQ,"[{'external_urls': {'spotify': 'https://open.spotify.com/artist/5E7zSu46SqTmgKqsc0tFkY'}, 'href': 'https://api.spotify.com/v1/artists/5E7zSu46SqTmgKqsc0tFkY', 'id': '5E7zSu46SqTmgKqsc0tFkY', 'name': 'Okkervil River', 'type': 'artist', 'uri': 'spotify:artist:5E7zSu46SqTmgKqsc0tFkY'}]","['AD', 'AE', 'AR', 'AT', 'AU', 'BE', 'BG', 'BH', 'BO', 'BR', 'CA', 'CH', 'CL', 'CO', 'CR', 'CY', 'CZ', 'DE', 'DK', 'DO', 'DZ', 'EC', 'EE', 'EG', 'ES', 'FI', 'FR', 'GB', 'GR', 'GT', 'HK', 'HN', 'HU', 'ID', 'IE', 'IL', 'IN', 'IS', 'IT', 'JO', 'JP', 'KW', 'LB', 'LI', 'LT', 'LU', 'LV', 'MA', 'MC', 'MT', 'MX', 'MY', 'NI', 'NL', 'NO', 'NZ', 'OM', 'PA', 'PE', 'PH', 'PL', 'PS', 'PT', 'PY', 'QA', 'RO', 'SA', 'SE', 'SG', 'SK', 'SV', 'TH', 'TN', 'TR', 'TW', 'US', 'UY', 'VN', 'ZA']",1.0,331800.0,False,US38Y0812402,https://open.spotify.com/track/2016zoJ6TxYzqjwQNMh3kw,https://api.spotify.com/v1/tracks/2016zoJ6TxYzqjwQNMh3kw,2016zoJ6TxYzqjwQNMh3kw,False,Lost Coastlines,48.0,https://p.scdn.co/mp3-preview/8412aeb164069320462600873f3d64f516c7f415?cid=22e782a724264812b124038bbf783396,2.0,track,spotify:track:2016zoJ6TxYzqjwQNMh3kw,0.5329999999999999,0.7829999999999999,9.0,-4.992,1.0,0.0314,0.0401,0.0,0.109,0.7020000000000001,109.899,audio_features,2016zoJ6TxYzqjwQNMh3kw,spotify:track:2016zoJ6TxYzqjwQNMh3kw,https://api.spotify.com/v1/tracks/2016zoJ6TxYzqjwQNMh3kw,https://api.spotify.com/v1/audio-analysis/2016zoJ6TxYzqjwQNMh3kw,331800.0,4.0,-2.7613130668358354,3.0700051751129087,-0.5119697650621179,4,1.2816357326440113
14,6tAcwhl5cTJOEiEdHc9Ra8,Didn't It Rain (Minimatic Remix),3ypuzkCtKGOQ0Y63x295Jx,5VOdrHq3pi0FTHQZtBaj7V,2018-10-24T14:52:55Z,291013.0,0.0,0.78,0.898,-6.223,0.0979,0.0462,0.0616,0.657,0.8190000000000001,99.98299999999999,11,0,15.0,14.0,2019-04-26T10:47:01Z,album,"[{'external_urls': {'spotify': 'https://open.spotify.com/artist/5qPeAT4ikl6gJNUexAOEy0'}, 'href': 'https://api.spotify.com/v1/artists/5qPeAT4ikl6gJNUexAOEy0', 'id': '5qPeAT4ikl6gJNUexAOEy0', 'name': 'Oques Grasses', 'type': 'artist', 'uri': 'spotify:artist:5qPeAT4ikl6gJNUexAOEy0'}]","['AD', 'AE', 'AR', 'AT', 'AU', 'BE', 'BG', 'BH', 'BO', 'BR', 'CA', 'CH', 'CL', 'CO', 'CR', 'CY', 'CZ', 'DE', 'DK', 'DO', 'DZ', 'EC', 'EE', 'EG', 'ES', 'FI', 'FR', 'GB', 'GR', 'GT', 'HK', 'HN', 'HU', 'ID', 'IE', 'IL', 'IN', 'IS', 'IT', 'JO', 'JP', 'KW', 'LB', 'LI', 'LT', 'LU', 'LV', 'MA', 'MC', 'MT', 'MX', 'MY', 'NI', 'NL', 'NO', 'NZ', 'OM', 'PA', 'PE', 'PH', 'PL', 'PS', 'PT', 'PY', 'QA', 'RO', 'SA', 'SE', 'SG', 'SK', 'SV', 'TH', 'TN', 'TR', 'TW', 'US', 'UY', 'VN', 'ZA']",https://open.spotify.com/album/1IA9u6BbXSVG98dzVAAJyJ,https://api.spotify.com/v1/albums/1IA9u6BbXSVG98dzVAAJyJ,1IA9u6BbXSVG98dzVAAJyJ,"[{'height': 640, 'url': 'https://i.scdn.co/image/c7dce596877e1bb213ef2059e24c2a7fdb6ea697', 'width': 640}, {'height': 300, 'url': 'https://i.scdn.co/image/f434dca4f3aaf2d5ab88436e49c377b03a658495', 'width': 300}, {'height': 64, 'url': 'https://i.scdn.co/image/f43a04799e4ba59adbb68a047344bf66bac2868b', 'width': 64}]",Fans del sol,2019-02-08,day,12.0,album,spotify:album:1IA9u6BbXSVG98dzVAAJyJ,"[{'external_urls': {'spotify': 'https://open.spotify.com/artist/5qPeAT4ikl6gJNUexAOEy0'}, 'href': 'https://api.spotify.com/v1/artists/5qPeAT4ikl6gJNUexAOEy0', 'id': '5qPeAT4ikl6gJNUexAOEy0', 'name': 'Oques Grasses', 'type': 'artist', 'uri': 'spotify:artist:5qPeAT4ikl6gJNUexAOEy0'}]","['AD', 'AE', 'AR', 'AT', 'AU', 'BE', 'BG', 'BH', 'BO', 'BR', 'CA', 'CH', 'CL', 'CO', 'CR', 'CY', 'CZ', 'DE', 'DK', 'DO', 'DZ', 'EC', 'EE', 'EG', 'ES', 'FI', 'FR', 'GB', 'GR', 'GT', 'HK', 'HN', 'HU', 'ID', 'IE', 'IL', 'IN', 'IS', 'IT', 'JO', 'JP', 'KW', 'LB', 'LI', 'LT', 'LU', 'LV', 'MA', 'MC', 'MT', 'MX', 'MY', 'NI', 'NL', 'NO', 'NZ', 'OM', 'PA', 'PE', 'PH', 'PL', 'PS', 'PT', 'PY', 'QA', 'RO', 'SA', 'SE', 'SG', 'SK', 'SV', 'TH', 'TN', 'TR', 'TW', 'US', 'UY', 'VN', 'ZA']",1.0,176360.0,False,ES11D1800149,https://open.spotify.com/track/2Q9ExjJVBxSIXmuFnkt54v,https://api.spotify.com/v1/tracks/2Q9ExjJVBxSIXmuFnkt54v,2Q9ExjJVBxSIXmuFnkt54v,False,In the night,57.0,https://p.scdn.co/mp3-preview/da9738971c4f0e6f79193f084789d425fbe212ca?cid=22e782a724264812b124038bbf783396,3.0,track,spotify:track:2Q9ExjJVBxSIXmuFnkt54v,0.752,0.8859999999999999,7.0,-5.059,0.0,0.0387,0.191,0.0029,0.0332,0.81,109.976,audio_features,2Q9ExjJVBxSIXmuFnkt54v,spotify:track:2Q9ExjJVBxSIXmuFnkt54v,https://api.spotify.com/v1/tracks/2Q9ExjJVBxSIXmuFnkt54v,https://api.spotify.com/v1/audio-analysis/2Q9ExjJVBxSIXmuFnkt54v,176360.0,4.0,-2.5829280228493916,1.9896985781969716,-0.3875472293533894,4,1.7613582879371994
47,3NpIjtzn7GAISrH7furhGV,Do What (feat. Anqui),3ypuzkCtKGOQ0Y63x295Jx,5VOdrHq3pi0FTHQZtBaj7V,2018-10-24T14:52:55Z,221773.0,0.0,0.5539999999999999,0.774,-5.943,0.35,0.201,8.240000000000001e-05,0.7020000000000001,0.687,99.415,2,1,48.0,47.0,2018-08-30T10:37:12Z,album,"[{'external_urls': {'spotify': 'https://open.spotify.com/artist/3VzGOFrX7MDtLe2Wfndgjt'}, 'href': 'https://api.spotify.com/v1/artists/3VzGOFrX7MDtLe2Wfndgjt', 'id': '3VzGOFrX7MDtLe2Wfndgjt', 'name': 'Roba Estesa', 'type': 'artist', 'uri': 'spotify:artist:3VzGOFrX7MDtLe2Wfndgjt'}]","['AD', 'AE', 'AR', 'AT', 'AU', 'BE', 'BG', 'BH', 'BO', 'BR', 'CA', 'CH', 'CL', 'CO', 'CR', 'CY', 'CZ', 'DE', 'DK', 'DO', 'DZ', 'EC', 'EE', 'EG', 'ES', 'FI', 'FR', 'GB', 'GR', 'GT', 'HK', 'HN', 'HU', 'ID', 'IE', 'IL', 'IN', 'IS', 'IT', 'JO', 'JP', 'KW', 'LB', 'LI', 'LT', 'LU', 'LV', 'MA', 'MC', 'MT', 'MX', 'MY', 'NI', 'NL', 'NO', 'NZ', 'OM', 'PA', 'PE', 'PH', 'PL', 'PS', 'PT', 'PY', 'QA', 'RO', 'SA', 'SE', 'SG', 'SK', 'SV', 'TH', 'TN', 'TR', 'TW', 'US', 'UY', 'VN', 'ZA']",https://open.spotify.com/album/1zCwd5ykIFSjWWzuVJhaqB,https://api.spotify.com/v1/albums/1zCwd5ykIFSjWWzuVJhaqB,1zCwd5ykIFSjWWzuVJhaqB,"[{'height': 640, 'url': 'https://i.scdn.co/image/b80463f13e3bb6946dc44c5dbae5bf9b1ae52faf', 'width': 640}, {'height': 300, 'url': 'https://i.scdn.co/image/642d6397e4104309847faeee25354e4f0e17415f', 'width': 300}, {'height': 64, 'url': 'https://i.scdn.co/image/3b7ff67db0cd65f1bf2a78fea3380fad8fec1ce6', 'width': 64}]",Descalces,2016-05-17,day,12.0,album,spotify:album:1zCwd5ykIFSjWWzuVJhaqB,"[{'external_urls': {'spotify': 'https://open.spotify.com/artist/3VzGOFrX7MDtLe2Wfndgjt'}, 'href': 'https://api.spotify.com/v1/artists/3VzGOFrX7MDtLe2Wfndgjt', 'id': '3VzGOFrX7MDtLe2Wfndgjt', 'name': 'Roba Estesa', 'type': 'artist', 'uri': 'spotify:artist:3VzGOFrX7MDtLe2Wfndgjt'}]","['AD', 'AE', 'AR', 'AT', 'AU', 'BE', 'BG', 'BH', 'BO', 'BR', 'CA', 'CH', 'CL', 'CO', 'CR', 'CY', 'CZ', 'DE', 'DK', 'DO', 'DZ', 'EC', 'EE', 'EG', 'ES', 'FI', 'FR', 'GB', 'GR', 'GT', 'HK', 'HN', 'HU', 'ID', 'IE', 'IL', 'IN', 'IS', 'IT', 'JO', 'JP', 'KW', 'LB', 'LI', 'LT', 'LU', 'LV', 'MA', 'MC', 'MT', 'MX', 'MY', 'NI', 'NL', 'NO', 'NZ', 'OM', 'PA', 'PE', 'PH', 'PL', 'PS', 'PT', 'PY', 'QA', 'RO', 'SA', 'SE', 'SG', 'SK', 'SV', 'TH', 'TN', 'TR', 'TW', 'US', 'UY', 'VN', 'ZA']",1.0,195240.0,False,ES71G1611232,https://open.spotify.com/track/1pjxLLj8xez5Vxu3qWNLm5,https://api.spotify.com/v1/tracks/1pjxLLj8xez5Vxu3qWNLm5,1pjxLLj8xez5Vxu3qWNLm5,False,Viu,37.0,https://p.scdn.co/mp3-preview/3f2094f18a57c8dfa7e874aebf48eb6b6b3ff85d?cid=22e782a724264812b124038bbf783396,3.0,track,spotify:track:1pjxLLj8xez5Vxu3qWNLm5,0.74,0.636,0.0,-9.361,1.0,0.0719,0.156,0.0,0.0656,0.782,116.014,audio_features,1pjxLLj8xez5Vxu3qWNLm5,spotify:track:1pjxLLj8xez5Vxu3qWNLm5,https://api.spotify.com/v1/tracks/1pjxLLj8xez5Vxu3qWNLm5,https://api.spotify.com/v1/audio-analysis/1pjxLLj8xez5Vxu3qWNLm5,195240.0,4.0,-2.5948910367024567,4.496459293421818,2.2077319490249927,4,3.6862320696211173
231,2IPHlzIXgWrsMOZJvDrDdY,Mon amant de St Jean,5mLQ2pzeGmEwuc7NFrsmp6,7fleCuqfNLyfN9TOaVEiBM,2016-11-01T17:58:05Z,181920.0,0.0,0.319,0.85,-7.5870000000000015,0.209,0.541,0.0,0.871,0.555,162.797,9,0,3.0,231.0,2015-09-07T10:59:00Z,single,"[{'external_urls': {'spotify': 'https://open.spotify.com/artist/2R5v0PPB7SiJjQI4CJWCgf'}, 'href': 'https://api.spotify.com/v1/artists/2R5v0PPB7SiJjQI4CJWCgf', 'id': '2R5v0PPB7SiJjQI4CJWCgf', 'name': 'My Darling YOU!', 'type': 'artist', 'uri': 'spotify:artist:2R5v0PPB7SiJjQI4CJWCgf'}]",[],https://open.spotify.com/album/39zA5TIQwTiyV1gmDVIpuE,https://api.spotify.com/v1/albums/39zA5TIQwTiyV1gmDVIpuE,39zA5TIQwTiyV1gmDVIpuE,"[{'height': 640, 'url': 'https://i.scdn.co/image/7d2975e2f37c0233172493571a54314e362c23f5', 'width': 640}, {'height': 300, 'url': 'https://i.scdn.co/image/f781971ab9d4a5f3c98c440076113948804ab121', 'width': 300}, {'height': 64, 'url': 'https://i.scdn.co/image/7dda7a1156259ca37fed8b2e50c1658971fd8989', 'width': 64}]",Let the good times roll,2011-03-17,day,2.0,album,spotify:album:39zA5TIQwTiyV1gmDVIpuE,"[{'external_urls': {'spotify': 'https://open.spotify.com/artist/2R5v0PPB7SiJjQI4CJWCgf'}, 'href': 'https://api.spotify.com/v1/artists/2R5v0PPB7SiJjQI4CJWCgf', 'id': '2R5v0PPB7SiJjQI4CJWCgf', 'name': 'My Darling YOU!', 'type': 'artist', 'uri': 'spotify:artist:2R5v0PPB7SiJjQI4CJWCgf'}]",[],1.0,200800.0,False,SEYOL1000101,https://open.spotify.com/track/7iY1HEQBc6y2W7iSEKWp4u,https://api.spotify.com/v1/tracks/7iY1HEQBc6y2W7iSEKWp4u,7iY1HEQBc6y2W7iSEKWp4u,False,Flaming Dread,0.0,,1.0,track,spotify:track:7iY1HEQBc6y2W7iSEKWp4u,0.449,0.927,2.0,-4.152,1.0,0.0843,0.0783,0.0,0.34,0.875,180.085,audio_features,7iY1HEQBc6y2W7iSEKWp4u,spotify:track:7iY1HEQBc6y2W7iSEKWp4u,https://api.spotify.com/v1/tracks/7iY1HEQBc6y2W7iSEKWp4u,https://api.spotify.com/v1/audio-analysis/7iY1HEQBc6y2W7iSEKWp4u,200800.0,4.0,-1.5408322780921266,4.673389647957094,-0.2841800187555858,4,1.6379790330861386
254,5HKnWZRsDyGIrb6obvD0Yq,The Writing's on the Wall,5mLQ2pzeGmEwuc7NFrsmp6,3w6EJnnZ02Ntu7dCu9rs0F,2016-11-02T10:09:33Z,214706.0,0.0,0.547,0.9670000000000001,-3.648,0.0534,0.0198,0.000424,0.721,0.662,103.02600000000001,7,1,2.0,,,,,,,,,,,,,,,,,,,,,,,,,,,,,,,,,,,,,,,,,,,,,,,,,,-2.4927309243081557,2.285182871324093,-1.6818632252597059,4,1.4014808142466815
263,6gobLJ63a1TNrSrU53tSj5,We're from Barcelona,5mLQ2pzeGmEwuc7NFrsmp6,0zbZ29KUQGBXvv8RpeXP3L,2016-11-02T12:50:32Z,182426.0,37.0,0.59,0.93,-4.2589999999999995,0.0374,0.0984,0.0033200000000000005,0.7859999999999999,0.9540000000000001,119.92299999999999,5,1,3.0,,,,,,,,,,,,,,,,,,,,,,,,,,,,,,,,,,,,,,,,,,,,,,,,,,-2.371794944794586,2.421885322811137,-1.8699303250408612,4,1.3264223587716555
351,30RN3lQwxDBiF5iie6Cmq9,"Sonata in C Major for Piano, Hob. XVI/50: III. Allegro molto",7sKPU13AfyV0yN60OYFELl,7l9xCYULcMHp8J2KrqE2pL,2015-10-26T15:22:18Z,157280.0,5.0,0.439,0.535,-24.099,0.161,0.983,0.8220000000000001,0.726,0.628,146.52100000000004,0,1,40.0,,,,,,,,,,,,,,,,,,,,,,,,,,,,,,,,,,,,,,,,,,,,,,,,,,1.5112785331801188,3.8012708576008762,0.6566168486209908,4,3.6965469298179516
369,3Dnv944x31XU4FFMlkfnWN,"Whatever Will Be, Will Be (Que Sera, Sera) - Single Version",7bsAR19p7zO45OpIpiCqQB,4ZtM1Q25o7B11vrYKbOF0m,2015-09-29T10:07:18Z,124640.0,40.0,0.396,0.32,-13.210999999999999,0.0413,0.8640000000000001,0.0,0.599,0.713,175.75,9,1,15.0,,,,,,,,,,,,,,,,,,,,,,,,,,,,,,,,,,,,,,,,,,,,,,,,,,0.6510454720601674,2.024101119637084,-1.3034694463717877,4,2.650155717581748
374,4wWkSDHfrxEHubNiMHfJrD,Papa Loves Mambo,7bsAR19p7zO45OpIpiCqQB,2VQu22khauO9mkywpVR8mC,2015-09-29T10:16:10Z,161400.0,30.0,0.6629999999999999,0.48700000000000004,-10.562999999999999,0.0959,0.645,7.73e-06,0.71,0.833,81.028,0,1,4.0,,,,,,,,,,,,,,,,,,,,,,,,,,,,,,,,,,,,,,,,,,,,,,,,,,-0.7689760505579426,2.50412049176301,-0.42718994682776146,4,1.3990281127407231
440,3pCN6X0566rmU6P5ZgFIYu,bâtard,7EHzH8D5Fv7EWf76tDTSvH,4WW3ME0M2dUoAK5hmbXsN7,2015-01-02T10:00:12Z,208826.0,3.0,0.747,0.7509999999999999,-9.607000000000001,0.25,0.0471,0.0,0.746,0.759,126.045,0,0,3.0,,,,,,,,,,,,,,,,,,,,,,,,,,,,,,,,,,,,,,,,,,,,,,,,,,-2.588697210451084,3.654384145256226,1.3067403698699394,4,2.648247479094285
541,52GstNfYE0VLSqUGfaefLD,Sofa,5Z8VUi5qQUVkO1HzuZXUq9,0AQU2cTRwdbTHkkJLmZZpG,2013-11-20T11:36:51Z,50782.0,26.0,0.461,0.6659999999999999,-6.228,0.0308,0.000174,0.628,0.693,0.657,78.112,5,0,11.0,,,,,,,,,,,,,,,,,,,,,,,,,,,,,,,,,,,,,,,,,,,,,,,,,,-0.9672466559635439,2.22724760895218,-1.5869410203472598,4,1.3476703088820057
544,7pPi2lf9n8AEXJlx8AywA2,We Can Dance,5Z8VUi5qQUVkO1HzuZXUq9,0AQU2cTRwdbTHkkJLmZZpG,2013-11-20T11:36:51Z,262791.0,29.0,0.653,0.792,-4.387,0.10099999999999999,0.0958,0.0,0.606,0.5820000000000001,117.978,2,1,14.0,,,,,,,,,,,,,,,,,,,,,,,,,,,,,,,,,,,,,,,,,,,,,,,,,,-2.281933570289736,1.9341613810058225,-0.5390909754827171,4,1.6074419781933083
743,6il4ds0ZKYdRVnZHpVXk41,All I Want,0Kz18Qq6boSucTkU8R2aaF,1VjxGLvRuhTF6ebqWXYOrO,1970-01-01T00:00:00Z,113475.0,1.0,0.20600000000000002,0.977,-3.403,0.135,0.00878,0.0,0.657,0.5820000000000001,173.13400000000001,6,0,10.0,,,,,,,,,,,,,,,,,,,,,,,,,,,,,,,,,,,,,,,,,,,,,,,,,,-2.1216710411310444,3.1420705483492437,-1.2937198568357327,4,0.4940688579481794
749,33MxZySx17wtJmXUeQwrdG,"Message In A Bottle - Live From River Plate Stadium, Buenos Aires",0Kz18Qq6boSucTkU8R2aaF,4V8Qkhow9Vy8CKJZ1M5Rpd,1970-01-01T00:00:00Z,300106.0,0.0,0.319,0.972,-3.9330000000000003,0.195,0.013999999999999999,1.83e-06,0.9740000000000001,0.33299999999999996,155.194,9,1,1.0,,,,,,,,,,,,,,,,,,,,,,,,,,,,,,,,,,,,,,,,,,,,,,,,,,-2.6700884569518464,4.951965351079295,-0.9291088377029719,4,1.951286501899677
750,0A4Btqar6Y5B4hfs9pZnSE,"Every Breath You Take - Live From River Plate Stadium, Buenos Aires",0Kz18Qq6boSucTkU8R2aaF,4V8Qkhow9Vy8CKJZ1M5Rpd,1970-01-01T00:00:00Z,373573.0,0.0,0.568,0.877,-5.8210000000000015,0.105,0.165,2.3e-06,0.912,0.33,118.84,8,1,8.0,,,,,,,,,,,,,,,,,,,,,,,,,,,,,,,,,,,,,,,,,,,,,,,,,,-2.3401037098941417,3.6038942788667825,-1.2732498299285107,4,0.748007265030426
769,0lvqn48qvEJHI2gRvziibg,"Close To Me - Live At Zenith, Paris",0Kz18Qq6boSucTkU8R2aaF,2na3vPdnhVASki4NAyV6ja,1970-01-01T00:00:00Z,238266.0,22.0,0.535,0.638,-14.985,0.0355,0.0332,0.447,0.991,0.899,170.607,11,1,12.0,,,,,,,,,,,,,,,,,,,,,,,,,,,,,,,,,,,,,,,,,,,,,,,,,,-0.8341320502828017,3.653438827205971,-1.9326392117422522,4,1.2023833455630952
783,0zge3Oe6qU1jnvSgxDRQYU,The Joker,0Kz18Qq6boSucTkU8R2aaF,7kASxXIWWMoaHHS637Vome,1970-01-01T00:00:00Z,213480.0,51.0,0.415,0.551,-7.067,0.0821,0.4270000000000001,1.88e-06,0.5720000000000001,0.74,166.736,10,1,11.0,,,,,,,,,,,,,,,,,,,,,,,,,,,,,,,,,,,,,,,,,,,,,,,,,,-0.8055675435207631,2.061444499488213,-1.0036210249717339,4,1.5105918202812054
784,4Y6VzrcqjvRwD1wdBGFqaa,Paper Planes (Diplo Street Remix feat. Bun B & Rich Boy),0Kz18Qq6boSucTkU8R2aaF,3Q4AExMfGDlydTUPWiCOiK,1970-01-01T00:00:00Z,225440.0,34.0,0.369,0.8590000000000001,-5.739,0.316,0.0174,1.91e-06,0.711,0.431,85.48100000000002,2,1,3.0,,,,,,,,,,,,,,,,,,,,,,,,,,,,,,,,,,,,,,,,,,,,,,,,,,-2.567247951931555,4.551439822309161,1.2741576871492992,4,2.876465228128033
815,29njOUf53Vc91WEeya44vO,Paint It Black - Live,0Kz18Qq6boSucTkU8R2aaF,5Lg8Jhz5OzfdmG4mQlFFes,1970-01-01T00:00:00Z,241250.0,0.0,0.28300000000000003,0.9279999999999999,-7.544,0.0726,0.0143,0.7909999999999999,0.985,0.375,160.65,9,0,11.0,,,,,,,,,,,,,,,,,,,,,,,,,,,,,,,,,,,,,,,,,,,,,,,,,,-1.1633389722507483,4.303638034238865,-1.9998708341867297,4,1.416848565291
840,2dew46lc6JauQzhj6WQ2xa,Let's Twist Again,0Kz18Qq6boSucTkU8R2aaF,3ADzle3KinwX1czwEVAOGv,2010-05-18T09:41:25Z,139333.0,0.0,0.371,0.857,-8.866,0.142,0.135,8.09e-05,0.6759999999999999,0.715,178.045,4,1,8.0,,,,,,,,,,,,,,,,,,,,,,,,,,,,,,,,,,,,,,,,,,,,,,,,,,-1.714547279682595,3.0989827395284473,-0.7282215645456884,4,0.4657838895159493
841,5rDsAMjmB4Qa5WNciJPsfK,Tubthumping,0Kz18Qq6boSucTkU8R2aaF,6DUy5QdkKXI15NFbk3pYAZ,2010-05-18T09:44:06Z,234133.0,50.0,0.39399999999999996,0.9440000000000001,-8.082,0.18100000000000002,0.0906,0.0,0.473,0.616,207.687,2,1,19.0,,,,,,,,,,,,,,,,,,,,,,,,,,,,,,,,,,,,,,,,,,,,,,,,,,-1.9591456969079841,2.3794355485604677,0.16277146546512336,4,1.6239129746042822
874,0n0eMsX7WgEtc7dlscbuKU,Fly Away,0Kz18Qq6boSucTkU8R2aaF,1cW0de5T5fdedlS4YqvyCv,2010-05-18T10:11:45Z,221893.0,51.0,0.597,0.868,-5.096,0.0527,0.0214,0.0,0.664,0.7090000000000001,160.02200000000005,7,1,2.0,,,,,,,,,,,,,,,,,,,,,,,,,,,,,,,,,,,,,,,,,,,,,,,,,,-2.267320802099148,1.9356637004455866,-1.4155405282596871,4,1.502570137919766
931,7eH9vfWNaplxjyjCx4ZTic,All She's Got,0Kz18Qq6boSucTkU8R2aaF,47wh50aG3MIgDpsMe5B7n7,2011-04-27T11:26:30Z,141933.0,0.0,0.544,0.956,-4.2589999999999995,0.08800000000000001,0.000493,0.0,0.625,0.711,120.133,11,1,11.0,,,,,,,,,,,,,,,,,,,,,,,,,,,,,,,,,,,,,,,,,,,,,,,,,,-2.471821986685835,2.098428420607084,-1.0597777382140599,4,1.4376786343178833
950,4hQo1ME4xT42RV1nz7UNkK,El Hombre Del Piano,0Kz18Qq6boSucTkU8R2aaF,3YIcphCTjJcjbpMnHFPGmW,2011-05-17T14:02:09Z,312600.0,35.0,0.239,0.418,-11.612,0.0433,0.391,0.0,0.972,0.289,175.868,4,1,8.0,,,,,,,,,,,,,,,,,,,,,,,,,,,,,,,,,,,,,,,,,,,,,,,,,,-0.2093396887664754,4.001532270988415,-2.5810745057869116,4,2.1660879269066187
952,5T6i2arPW5u6df4jBf7vDT,Paraules D'Amor - En Directo,0Kz18Qq6boSucTkU8R2aaF,5uc1F7ZXMeGxgvfp9z7W8G,2011-05-17T14:02:09Z,233226.0,27.0,0.34,0.308,-11.036,0.0383,0.9179999999999999,0.0,0.755,0.179,80.42399999999998,0,1,10.0,,,,,,,,,,,,,,,,,,,,,,,,,,,,,,,,,,,,,,,,,,,,,,,,,,0.5745797272436329,2.8187885309041807,-1.7868289718238348,4,2.3821643163463997
953,0Tg8pBqXzfinx3ts9fcnBg,Mediterraneo - En Directo,0Kz18Qq6boSucTkU8R2aaF,5uc1F7ZXMeGxgvfp9z7W8G,2011-05-17T14:02:09Z,247680.0,32.0,0.596,0.7190000000000001,-5.13,0.11800000000000001,0.778,0.0,0.975,0.5820000000000001,84.164,9,0,10.0,,,,,,,,,,,,,,,,,,,,,,,,,,,,,,,,,,,,,,,,,,,,,,,,,,-1.514825451335013,4.0258197482301155,-0.9370693875071655,4,0.7824852337361237
954,2miwvRZd8GDR80dJPEZP6R,Lucia - En Directo,0Kz18Qq6boSucTkU8R2aaF,5uc1F7ZXMeGxgvfp9z7W8G,2011-05-17T14:02:09Z,194893.0,31.0,0.45399999999999996,0.34600000000000003,-11.065999999999999,0.0442,0.902,2.66e-06,0.929,0.184,112.321,0,0,12.0,,,,,,,,,,,,,,,,,,,,,,,,,,,,,,,,,,,,,,,,,,,,,,,,,,0.14769162169059985,3.5199941131505126,-1.8315040842971964,4,1.9566576253780386
955,5HmYuJIqLEXOa9i4YQJWoQ,Cantares - En Directo,0Kz18Qq6boSucTkU8R2aaF,5uc1F7ZXMeGxgvfp9z7W8G,2011-05-17T14:02:09Z,196200.0,49.0,0.545,0.6809999999999999,-5.754,0.152,0.6990000000000001,0.0,0.985,0.502,121.855,7,1,2.0,,,,,,,,,,,,,,,,,,,,,,,,,,,,,,,,,,,,,,,,,,,,,,,,,,-1.5148272875681348,4.408816917479489,-0.6516403724913444,4,1.2354546226360528
966,5PIryoZ1laEtCJ6Xi7Rcyk,Ojitos Rojos - Directo,0Kz18Qq6boSucTkU8R2aaF,2wWIe9TsnHWEcWWzwfzALC,2011-05-17T14:02:09Z,267906.0,36.0,0.488,0.953,-3.391,0.0973,0.364,0.0,0.966,0.6990000000000001,140.22,11,0,13.0,,,,,,,,,,,,,,,,,,,,,,,,,,,,,,,,,,,,,,,,,,,,,,,,,,-2.275631674453358,3.9364002513286533,-1.644524570902113,4,1.0127201193938145
974,5tPGsnsuPrzbAMzUNWmx44,Por el bulevar de los sueños rotos - con Joaquin Sabina - Las Ventas 08,0Kz18Qq6boSucTkU8R2aaF,3boZLCdZ5TlWlw7q9crFUq,2011-05-17T14:02:09Z,274459.0,42.0,0.584,0.9840000000000001,-5.57,0.251,0.0306,0.0,0.9840000000000001,0.363,125.985,4,1,21.0,,,,,,,,,,,,,,,,,,,,,,,,,,,,,,,,,,,,,,,,,,,,,,,,,,-3.1770935185339964,5.032808084922598,0.3500591198167923,4,2.7487415125829506
985,0FtwJkdBXBHZ4Yy20Xt56u,Pedazo de morrón,0Kz18Qq6boSucTkU8R2aaF,7hwGksKIvfyqDj6iAAm1LV,2011-05-17T14:02:09Z,218493.0,35.0,0.425,0.84,-3.471,0.213,0.0207,0.0,0.6829999999999999,0.653,94.384,2,1,3.0,,,,,,,,,,,,,,,,,,,,,,,,,,,,,,,,,,,,,,,,,,,,,,,,,,-2.482563290658838,3.5082185963016594,0.14730674732914473,4,1.5459067437399951
994,4jJGiNGzoUV4uacldNW5Qb,La flama,0Kz18Qq6boSucTkU8R2aaF,2r4JhlakaroVwEGcLKU0Eu,2011-05-17T14:03:01Z,212520.0,43.0,0.48700000000000004,0.813,-6.426,0.0349,0.0161,2.32e-06,0.727,0.45299999999999996,93.609,7,1,4.0,,,,,,,,,,,,,,,,,,,,,,,,,,,,,,,,,,,,,,,,,,,,,,,,,,-1.8995982653642998,2.286548878819477,-1.969427552165088,4,1.314531180752146
1006,54gSy29f3JqayWXkKlHfUi,L'empordà,0Kz18Qq6boSucTkU8R2aaF,7c4pgEdNxDkQ5L3RKNhZVY,2011-05-17T14:03:01Z,228453.0,0.0,0.61,0.5710000000000001,-8.99,0.0573,0.461,0.000113,0.715,0.623,132.629,4,1,6.0,,,,,,,,,,,,,,,,,,,,,,,,,,,,,,,,,,,,,,,,,,,,,,,,,,-1.0464097301567306,2.278173902589524,-1.1412728706319466,4,1.1896563728960152
1007,5JG8QkylPewuE7i5UVNkbQ,El Boig De La Ciutat,0Kz18Qq6boSucTkU8R2aaF,02g2io3DYIwKid6WytSfcr,2011-05-17T14:03:01Z,228053.0,0.0,0.486,0.7390000000000001,-5.425,0.0305,0.387,0.0944,0.978,0.331,131.936,7,1,10.0,,,,,,,,,,,,,,,,,,,,,,,,,,,,,,,,,,,,,,,,,,,,,,,,,,-1.4782875069829005,3.5097868706806974,-2.3431948699413385,4,1.2277332388726905
1008,1wS9Fh0T9BPmb4kpQa52EG,Bon dia,0Kz18Qq6boSucTkU8R2aaF,7c4pgEdNxDkQ5L3RKNhZVY,2011-05-17T14:03:01Z,244480.0,0.0,0.531,0.687,-6.575,0.0303,0.0104,0.48,0.6709999999999999,0.727,135.259,9,1,15.0,,,,,,,,,,,,,,,,,,,,,,,,,,,,,,,,,,,,,,,,,,,,,,,,,,-1.219609425759337,1.9878497527307963,-1.4849103165811413,4,1.4182910599146226
1019,1ia819gHWbLBBYHqK76Yg8,Alegria,0Kz18Qq6boSucTkU8R2aaF,0GMjpYYmcZv2SUBJlXwgX4,2011-05-17T14:03:01Z,195306.0,41.0,0.578,0.8759999999999999,-7.1960000000000015,0.0442,0.07400000000000001,4.57e-05,0.7879999999999999,0.754,110.04799999999999,2,1,2.0,,,,,,,,,,,,,,,,,,,,,,,,,,,,,,,,,,,,,,,,,,,,,,,,,,-2.1125841038247817,2.5297349204439348,-1.7670579336754073,4,1.072872873619854
1033,3APayTEWiUl9Ssep4BOXR2,Torn,0Kz18Qq6boSucTkU8R2aaF,5snQakFpbHsJmrAvhgeuHX,2011-05-17T14:17:29Z,244813.0,66.0,0.5589999999999999,0.9279999999999999,-3.04,0.0355,0.0746,5.56e-05,0.696,0.599,96.315,5,1,3.0,,,,,,,,,,,,,,,,,,,,,,,,,,,,,,,,,,,,,,,,,,,,,,,,,,-2.3562177516731433,2.005387397110383,-1.8067704580397497,4,1.5960812767478978
1046,47GmcU4JgL3TCweXvIEUBd,Personal Jesus,0Kz18Qq6boSucTkU8R2aaF,6R5TqxpmUg1KhHORpsp9Ho,2011-07-25T13:52:29Z,246456.0,6.0,0.5770000000000001,0.94,-5.2570000000000014,0.113,0.000202,0.00586,0.645,0.267,130.126,4,0,2.0,,,,,,,,,,,,,,,,,,,,,,,,,,,,,,,,,,,,,,,,,,,,,,,,,,-2.511388343339336,2.34578498243241,-0.6947355223054521,4,1.3429110539344062
1058,5Qu1F15caTUZYEIXbCUdEo,Torn - Live,0Kz18Qq6boSucTkU8R2aaF,1y3qsG8TIwrgov1LwPReBk,2011-07-25T14:11:21Z,254803.0,6.0,0.359,0.486,-10.251,0.0545,0.745,1.53e-06,0.9590000000000001,0.436,122.29799999999999,9,1,17.0,,,,,,,,,,,,,,,,,,,,,,,,,,,,,,,,,,,,,,,,,,,,,,,,,,-0.21864774444364032,3.874403342080733,-2.077292349261509,4,1.8201403738581965
1059,0NjWzOAtvAThDEI87Dhqi5,I'm Yours - Live,0Kz18Qq6boSucTkU8R2aaF,1y3qsG8TIwrgov1LwPReBk,2011-07-25T14:12:41Z,346944.0,4.0,0.341,0.9359999999999999,-7.479,0.0826,0.172,5.22e-05,0.963,0.552,133.984,9,1,19.0,,,,,,,,,,,,,,,,,,,,,,,,,,,,,,,,,,,,,,,,,,,,,,,,,,-1.9027663159416517,4.06372860328552,-2.1412057870199925,4,1.277701703715119
1074,6WALWe7zqTlYdWHbkNwYwy,Maria,0Kz18Qq6boSucTkU8R2aaF,6mS1cxMLh9rAEnD4M30qQz,2011-07-25T14:56:06Z,289600.0,1.0,0.287,0.9229999999999999,-6.084,0.0736,0.0069099999999999995,2.15e-05,0.9490000000000001,0.434,161.37,9,1,9.0,,,,,,,,,,,,,,,,,,,,,,,,,,,,,,,,,,,,,,,,,,,,,,,,,,-2.0462063824138164,3.971440548719736,-2.413305616555615,4,1.4824897443807996
1092,7EwcNyYIMehlWfjk0yprbj,Should I Stay Or Should I Go,0Kz18Qq6boSucTkU8R2aaF,6xwLLr4kk8C5tqxzjfukuH,2011-10-13T10:56:58Z,187093.0,0.0,0.7509999999999999,0.8540000000000001,-6.874,0.106,0.171,0.0,0.787,0.8640000000000001,113.083,2,1,19.0,,,,,,,,,,,,,,,,,,,,,,,,,,,,,,,,,,,,,,,,,,,,,,,,,,-2.447110454450592,2.732661987243028,-0.5857674896671137,4,1.1091512802805954
1103,0umoAkygOwTRGLDNN08qlL,Whatever,0Kz18Qq6boSucTkU8R2aaF,0HaKIwrt7Ve24VriqCqtaU,2012-01-09T16:53:17Z,381463.0,19.0,0.115,0.67,-5.438,0.0333,0.0818,3.15e-05,0.67,0.32799999999999996,184.61599999999999,7,1,18.0,,,,,,,,,,,,,,,,,,,,,,,,,,,,,,,,,,,,,,,,,,,,,,,,,,-0.9550701780276842,2.575324933961517,-2.635279449269702,4,1.7966603586172534
1160,46jF6KZ2qHGRIkrOHAnXyM,La merda se'ns menja,7vHRwRtvmggt50qUnnHeaD,0JG73B0tzdrrMLNzkAudNX,2011-05-17T14:25:57Z,220853.0,0.0,0.547,0.433,-11.681,0.0841,0.491,0.0,0.8859999999999999,0.512,79.87100000000002,2,1,6.0,,,,,,,,,,,,,,,,,,,,,,,,,,,,,,,,,,,,,,,,,,,,,,,,,,-0.6881869252814236,3.4294620966320277,-1.1995874376842308,4,0.9951831166546716
1175,0RlwW3joqfzkN3j6RjrQxj,La merda se'ns menja,7vHRwRtvmggt50qUnnHeaD,0JG73B0tzdrrMLNzkAudNX,2011-05-17T14:25:57Z,237546.0,0.0,0.447,0.682,-8.646,0.0568,0.647,0.0,0.972,0.6890000000000001,159.873,2,1,9.0,,,,,,,,,,,,,,,,,,,,,,,,,,,,,,,,,,,,,,,,,,,,,,,,,,-0.9444527453619279,3.7990929272170275,-1.9978596768850017,4,1.2273171577791644
1197,4BBBzlBUbyjRHhDzxlAH0f,Tornarem,7vHRwRtvmggt50qUnnHeaD,6tQc6cKj0bXkb2dN5pqGkW,2015-06-30T11:14:49Z,261406.0,26.0,0.506,0.862,-5.63,0.0619,0.14400000000000002,2.78e-05,0.755,0.799,184.065,0,1,3.0,,,,,,,,,,,,,,,,,,,,,,,,,,,,,,,,,,,,,,,,,,,,,,,,,,-2.0096375243967324,2.6109965117620564,-1.6330004864756331,4,0.8982662530156924
1458,3jP6mmbhA5HfJRlaPDgTCH,"Faust - opera in five acts (1989 Digital Remaster), Act II: Le veau d'or est toujours debout! (Méphistophélès/Choeur)",2wZ4hdXDK7A4PWxvdWZaAs,5ikkRe4jdFHopDv4m7sxA6,1970-01-01T00:00:00Z,123693.0,4.0,0.506,0.35200000000000004,-13.689,0.185,0.978,6.56e-05,0.578,0.598,107.635,0,0,1.0,,,,,,,,,,,,,,,,,,,,,,,,,,,,,,,,,,,,,,,,,,,,,,,,,,0.20320123931976108,2.8770351168726704,0.798916208080046,4,2.736827249089624
1472,04wla3rYVkZDWJVyXFAmY0,"Siegfried, DRITTER AUFZUG/ACT 3/TROISIEME ACTE, Dritte Szene/Scene 3/Troisième Scène: Heil dir, Sonne! (Brünnhilde/Siegfried)",2wZ4hdXDK7A4PWxvdWZaAs,5ikkRe4jdFHopDv4m7sxA6,1970-01-01T00:00:00Z,317453.0,3.0,0.242,0.193,-18.66,0.0409,0.972,0.031,0.718,0.0512,80.327,0,1,15.0,,,,,,,,,,,,,,,,,,,,,,,,,,,,,,,,,,,,,,,,,,,,,,,,,,1.574990960332711,2.9127440187164764,-1.7123718407654651,4,3.3169816002887886
1558,4rKXPT9Vw1k9c7fldZbDWj,You Really Got Me,5LR210vwhwJxrJWBGxTzMh,7bHYDYMOL8EQUiRDkO9WZx,2011-11-21T11:58:09Z,220186.0,1.0,0.271,0.987,-6.045,0.20800000000000002,0.00337,0.292,0.981,0.146,165.68599999999995,7,1,13.0,,,,,,,,,,,,,,,,,,,,,,,,,,,,,,,,,,,,,,,,,,,,,,,,,,-2.226023920152332,5.239469071926944,-0.6850021179455117,4,2.079640288903176
1574,09TpJe9jnom4mB2DDhZKkB,Do You Want To,5LR210vwhwJxrJWBGxTzMh,4aJKZKk3jb1oz7wb0OKLTw,2011-11-21T11:58:09Z,215000.0,1.0,0.414,0.9390000000000001,-2.887,0.047,0.0884,0.000612,0.81,0.748,123.09100000000001,0,1,2.0,,,,,,,,,,,,,,,,,,,,,,,,,,,,,,,,,,,,,,,,,,,,,,,,,,-2.2346032096164974,2.8723077474813032,-2.2104287961215467,4,1.2699698561085073
1593,33UekTTrlH7Z03fYASg1mG,Anarchy In The UK,5LR210vwhwJxrJWBGxTzMh,13NFz9ppL439ANqeXW017z,2011-11-21T11:58:09Z,210604.0,0.0,0.371,0.937,-8.604,0.10300000000000001,0.24100000000000002,1.28e-05,0.568,0.19699999999999998,134.134,0,1,8.0,,,,,,,,,,,,,,,,,,,,,,,,,,,,,,,,,,,,,,,,,,,,,,,,,,-1.5517371264495765,2.300169120085691,-0.9884083272241067,4,1.0101390365417655
1612,0CBxYZz0mxzViWUvoMnRGi,Loaded,5LR210vwhwJxrJWBGxTzMh,3Kkocxhs4Ek537j67DFNd7,2011-11-21T11:58:09Z,422426.0,3.0,0.626,0.726,-8.918,0.0584,8.65e-05,0.613,0.856,0.858,91.14399999999999,8,1,7.0,,,,,,,,,,,,,,,,,,,,,,,,,,,,,,,,,,,,,,,,,,,,,,,,,,-1.3846615827858655,2.995460649104733,-1.2009511708894107,4,0.41459410710275585
1616,1Qfmb7LDFOmsSPRdL1PB2B,Pride (In The Name Of Love),5LR210vwhwJxrJWBGxTzMh,7k7aHoW1MGWWQR0KXvswkx,2011-11-21T11:58:09Z,229040.0,2.0,0.451,0.9179999999999999,-3.4139999999999997,0.0329,0.0017800000000000001,0.00156,0.688,0.695,106.03299999999999,4,1,3.0,,,,,,,,,,,,,,,,,,,,,,,,,,,,,,,,,,,,,,,,,,,,,,,,,,-2.1998417793273233,2.1120566494957993,-2.0733050664752346,4,1.5861916702012993
1619,7aCn4tF5cXLgcqGU1oW7pm,Sanctify Yourself - 2001 - Remaster,5LR210vwhwJxrJWBGxTzMh,38yQnLhN6GL5yII1Pe8P9s,2011-11-21T11:58:09Z,299146.0,0.0,0.551,0.93,-5.131,0.0438,0.0454,0.0015,0.631,0.721,128.32299999999998,0,1,7.0,,,,,,,,,,,,,,,,,,,,,,,,,,,,,,,,,,,,,,,,,,,,,,,,,,-2.209985179924074,1.79167558881655,-1.5695138037060725,4,1.6457941944398657
1641,37R2PiOlaMl0iKLmAt9gik,"Intro - Live At Forum, Copenhagen/2010",7AbQaavvwWs13zH2XMxUrZ,1obLfnyAMLfOHWHbxnyC39,2011-12-07T17:57:13Z,48920.0,0.0,0.19399999999999998,0.5529999999999999,-12.522,0.0472,0.625,0.983,0.9390000000000001,0.292,100.963,7,1,1.0,,,,,,,,,,,,,,,,,,,,,,,,,,,,,,,,,,,,,,,,,,,,,,,,,,0.9946535975051715,4.176770559205408,-1.9120993836686981,4,2.9118235779216817
1642,24IR9IhZhGIDPmclRzrUQ0,"The Mirror And The Ripper - Live At Forum, Copenhagen/2010",7AbQaavvwWs13zH2XMxUrZ,1obLfnyAMLfOHWHbxnyC39,2011-12-07T17:57:13Z,242200.0,0.0,0.263,0.972,-4.154,0.161,0.00017900000000000001,5.16e-05,0.983,0.375,123.069,9,0,2.0,,,,,,,,,,,,,,,,,,,,,,,,,,,,,,,,,,,,,,,,,,,,,,,,,,-2.489337920258449,4.823746366807599,-1.4931640535776174,4,1.7713049894588784
1643,1hgi6I4S9q4DFfZLUxCf9w,"Maybellene I Hofteholder - Live At Forum, Copenhagen/2010",7AbQaavvwWs13zH2XMxUrZ,1obLfnyAMLfOHWHbxnyC39,2011-12-07T17:57:13Z,206413.0,0.0,0.214,0.9159999999999999,-4.296,0.0554,0.000618,1.24e-06,0.8390000000000001,0.35,101.571,0,1,3.0,,,,,,,,,,,,,,,,,,,,,,,,,,,,,,,,,,,,,,,,,,,,,,,,,,-1.9045152707482864,3.396082671580534,-2.602920873404098,4,1.4741887863238692
1644,3wDT257mafm2Xpfg7vaOYF,"16 Dollars - Live At Forum, Copenhagen/2010",7AbQaavvwWs13zH2XMxUrZ,1obLfnyAMLfOHWHbxnyC39,2011-12-07T17:57:13Z,185720.0,0.0,0.40399999999999997,0.9790000000000001,-3.766,0.139,3.97e-05,3.45e-06,0.764,0.38299999999999995,123.56299999999999,2,1,4.0,,,,,,,,,,,,,,,,,,,,,,,,,,,,,,,,,,,,,,,,,,,,,,,,,,-2.545972938611074,3.3755374351540923,-1.0257120697142366,4,0.8867408208916757
1647,18sSXpTAvRL02kzSHnnfea,"Evelyn - Live At Forum, Copenhagen/2010",7AbQaavvwWs13zH2XMxUrZ,1obLfnyAMLfOHWHbxnyC39,2011-12-07T17:57:13Z,202373.0,0.0,0.292,0.97,-4.183,0.11,6.3e-05,0.000308,0.7340000000000001,0.41700000000000004,138.125,2,1,7.0,,,,,,,,,,,,,,,,,,,,,,,,,,,,,,,,,,,,,,,,,,,,,,,,,,-2.206684779237279,3.1909691330951464,-1.561032855532903,4,0.6807525110687287
1649,3JdVG6xoPbmwWQNuKWROg5,"7 Shots - Live At Forum, Copenhagen/2010",7AbQaavvwWs13zH2XMxUrZ,1obLfnyAMLfOHWHbxnyC39,2011-12-07T17:57:13Z,278533.0,0.0,0.163,0.973,-4.266,0.242,3.32e-05,5.7999999999999995e-06,0.598,0.215,76.525,7,0,9.0,,,,,,,,,,,,,,,,,,,,,,,,,,,,,,,,,,,,,,,,,,,,,,,,,,-2.2371920443299924,3.7576526700248247,0.07131474530942651,4,1.425496156220825
1650,7alEhFMPED9L4g59u9iGfw,"Pool Of Booze, Booze, Booza/BOA - Live At Forum, Copenhagen/2010",7AbQaavvwWs13zH2XMxUrZ,1obLfnyAMLfOHWHbxnyC39,2011-12-07T17:57:13Z,248426.0,0.0,0.221,0.943,-4.595,0.0825,2.8699999999999996e-05,2.8000000000000013e-05,0.531,0.285,145.584,2,1,10.0,,,,,,,,,,,,,,,,,,,,,,,,,,,,,,,,,,,,,,,,,,,,,,,,,,-1.7816984048430202,2.120524090638165,-1.6349439146333176,4,1.2701923944068687
1651,0H64VyFtPy20YZsDIDMwUu,"A Warrior's Call - Live At Forum, Copenhagen/2010",7AbQaavvwWs13zH2XMxUrZ,1obLfnyAMLfOHWHbxnyC39,2011-12-07T17:57:13Z,272293.0,0.0,0.195,0.958,-4.263999999999999,0.135,8.55e-05,8.13e-06,0.941,0.136,76.803,2,1,11.0,,,,,,,,,,,,,,,,,,,,,,,,,,,,,,,,,,,,,,,,,,,,,,,,,,-2.238279003593141,4.53047074285021,-1.8742055149035206,4,1.543545967877946
1652,3M1GFcLyHpYC9CDWLzQUJH,"The Garden’s Tale - Live At Forum, Copenhagen/2010",7AbQaavvwWs13zH2XMxUrZ,1obLfnyAMLfOHWHbxnyC39,2011-12-07T17:57:13Z,387880.0,0.0,0.204,0.9229999999999999,-4.381,0.0589,0.000503,0.000315,0.985,0.168,127.792,0,1,12.0,,,,,,,,,,,,,,,,,,,,,,,,,,,,,,,,,,,,,,,,,,,,,,,,,,-2.0134544805574235,4.141432733659959,-2.87594807105981,4,1.9537177295354717
1653,1gCUCzEKFsAaJkt9ByuMKq,"Fallen - Live At Forum, Copenhagen/2010",7AbQaavvwWs13zH2XMxUrZ,1obLfnyAMLfOHWHbxnyC39,2011-12-07T17:57:13Z,342773.0,0.0,0.321,0.919,-4.82,0.0767,0.000544,6.45e-05,0.9690000000000001,0.33899999999999997,78.33800000000002,2,1,13.0,,,,,,,,,,,,,,,,,,,,,,,,,,,,,,,,,,,,,,,,,,,,,,,,,,-2.215744357773022,4.020551841951523,-2.3599282700745636,4,1.5135223045063655
1655,5E2hKLsKDoSQUzp0KChZLx,"The Human Instrument - Live At Forum, Copenhagen/2010",7AbQaavvwWs13zH2XMxUrZ,1obLfnyAMLfOHWHbxnyC39,2011-12-07T17:57:13Z,430213.0,0.0,0.18600000000000005,0.927,-4.676,0.12300000000000001,5.03e-05,0.000376,0.705,0.19,81.911,2,1,15.0,,,,,,,,,,,,,,,,,,,,,,,,,,,,,,,,,,,,,,,,,,,,,,,,,,-1.9302168407049425,3.321959099001078,-1.5522267069016336,4,0.4780284299482197
1656,2y8dEosG1Yor2Bz8F8OcvZ,"Angelfuck - Live At House Of Blues, Anaheim/2011",7AbQaavvwWs13zH2XMxUrZ,1obLfnyAMLfOHWHbxnyC39,2011-12-07T17:57:13Z,165866.0,0.0,0.275,0.912,-5.841,0.237,0.0179,0.000338,0.966,0.26,100.977,6,0,16.0,,,,,,,,,,,,,,,,,,,,,,,,,,,,,,,,,,,,,,,,,,,,,,,,,,-2.465513581515808,5.324404355362009,-0.4400429705200171,4,2.2965595504370206
1657,69ejVvvl4YELXUyuK335L6,"Still Counting - Live At House Of Blues, Anaheim/2011",7AbQaavvwWs13zH2XMxUrZ,1obLfnyAMLfOHWHbxnyC39,2011-12-07T17:57:13Z,299240.0,0.0,0.3,0.9329999999999999,-4.886,0.0805,0.000523,0.00013000000000000002,0.865,0.295,110.541,2,1,17.0,,,,,,,,,,,,,,,,,,,,,,,,,,,,,,,,,,,,,,,,,,,,,,,,,,-2.1296351220408916,3.5858973461961967,-2.152421129656521,4,1.1400040365429218
1658,3Ni2cbPsmKKgByV38rsThc,"I Only Wanna Be With You - Live At House Of Blues, Anaheim/2011",7AbQaavvwWs13zH2XMxUrZ,1obLfnyAMLfOHWHbxnyC39,2011-12-07T17:57:13Z,298093.0,0.0,0.255,0.9590000000000001,-5.6560000000000015,0.162,0.00121,0.00016999999999999999,0.95,0.322,142.7,7,1,18.0,,,,,,,,,,,,,,,,,,,,,,,,,,,,,,,,,,,,,,,,,,,,,,,,,,-2.3274940086010885,4.703074735103044,-1.4057792179868547,4,1.5784341615715853
