,added_at,is_local,primary_color,added_by.external_urls.spotify,added_by.href,added_by.id,added_by.type,added_by.uri,track.album.album_type,track.album.artists,track.album.available_markets,track.album.external_urls,track.album.href,track.album.id,track.album.images,track.album.name,track.album.release_date,track.album.release_date_precision,track.album.total_tracks,track.album.type,track.album.uri,track.artists,track.available_markets,track.disc_number,track.duration_ms,track.episode,track.explicit,track.external_ids.isrc,track.external_urls.spotify,track.href,track.id,track.is_local,track.name,track.popularity,track.preview_url,track.track,track.track_number,track.type,track.uri,video_thumbnail.url,tracks_features.danceability,tracks_features.energy,tracks_features.key,tracks_features.loudness,tracks_features.mode,tracks_features.speechiness,tracks_features.acousticness,tracks_features.instrumentalness,tracks_features.liveness,tracks_features.valence,tracks_features.tempo,tracks_features.type,tracks_features.id,tracks_features.uri,tracks_features.track_href,tracks_features.analysis_url,tracks_features.duration_ms,tracks_features.time_signature,C1,C2,C3,cluster,distance_cluster
0,2018-12-15T19:38:10Z,False,,https://open.spotify.com/user/festivalgigante,https://api.spotify.com/v1/users/festivalgigante,festivalgigante,user,spotify:user:festivalgigante,album,"[{'external_urls': {'spotify': 'https://open.spotify.com/artist/35YNL4wwv11ZkmeWWL51y7'}, 'href': 'https://api.spotify.com/v1/artists/35YNL4wwv11ZkmeWWL51y7', 'id': '35YNL4wwv11ZkmeWWL51y7', 'name': 'We Are Scientists', 'type': 'artist', 'uri': 'spotify:artist:35YNL4wwv11ZkmeWWL51y7'}]","['AD', 'AE', 'AR', 'AT', 'AU', 'BE', 'BG', 'BH', 'BO', 'BR', 'CA', 'CH', 'CL', 'CO', 'CR', 'CY', 'CZ', 'DE', 'DK', 'DO', 'DZ', 'EC', 'EE', 'EG', 'ES', 'FI', 'FR', 'GB', 'GR', 'GT', 'HK', 'HN', 'HU', 'ID', 'IE', 'IL', 'IN', 'IS', 'IT', 'JO', 'JP', 'KW', 'LB', 'LI', 'LT', 'LU', 'LV', 'MA', 'MC', 'MT', 'MX', 'MY', 'NI', 'NL', 'NO', 'NZ', 'OM', 'PA', 'PE', 'PH', 'PL', 'PS', 'PT', 'PY', 'QA', 'RO', 'SA', 'SE', 'SG', 'SK', 'SV', 'TH', 'TN', 'TR', 'TW', 'US', 'UY', 'VN', 'ZA']",{'spotify': 'https://open.spotify.com/album/2IQ6OI4Yt3yZtB8j5E2lsa'},https://api.spotify.com/v1/albums/2IQ6OI4Yt3yZtB8j5E2lsa,2IQ6OI4Yt3yZtB8j5E2lsa,"[{'height': 640, 'url': 'https://i.scdn.co/image/fef85037d2f1df4f349359ff51431d308712dd54', 'width': 640}, {'height': 300, 'url': 'https://i.scdn.co/image/a427891e83b46f9411cd731ac1929a4380243931', 'width': 300}, {'height': 64, 'url': 'https://i.scdn.co/image/4657cde20597be591452b8f76350049bb360b34c', 'width': 64}]",With Love And Squalor,2005-01-01,day,12,album,spotify:album:2IQ6OI4Yt3yZtB8j5E2lsa,"[{'external_urls': {'spotify': 'https://open.spotify.com/artist/35YNL4wwv11ZkmeWWL51y7'}, 'href': 'https://api.spotify.com/v1/artists/35YNL4wwv11ZkmeWWL51y7', 'id': '35YNL4wwv11ZkmeWWL51y7', 'name': 'We Are Scientists', 'type': 'artist', 'uri': 'spotify:artist:35YNL4wwv11ZkmeWWL51y7'}]","['AD', 'AE', 'AR', 'AT', 'AU', 'BE', 'BG', 'BH', 'BO', 'BR', 'CA', 'CH', 'CL', 'CO', 'CR', 'CY', 'CZ', 'DE', 'DK', 'DO', 'DZ', 'EC', 'EE', 'EG', 'ES', 'FI', 'FR', 'GB', 'GR', 'GT', 'HK', 'HN', 'HU', 'ID', 'IE', 'IL', 'IN', 'IS', 'IT', 'JO', 'JP', 'KW', 'LB', 'LI', 'LT', 'LU', 'LV', 'MA', 'MC', 'MT', 'MX', 'MY', 'NI', 'NL', 'NO', 'NZ', 'OM', 'PA', 'PE', 'PH', 'PL', 'PS', 'PT', 'PY', 'QA', 'RO', 'SA', 'SE', 'SG', 'SK', 'SV', 'TH', 'TN', 'TR', 'TW', 'US', 'UY', 'VN', 'ZA']",1,192311,False,False,USVI20500211,https://open.spotify.com/track/0iUano4euaiUETVUd1u0cx,https://api.spotify.com/v1/tracks/0iUano4euaiUETVUd1u0cx,0iUano4euaiUETVUd1u0cx,False,"Nobody Move, Nobody Get Hurt",53,,True,1,track,spotify:track:0iUano4euaiUETVUd1u0cx,,0.47,0.9690000000000001,6,-4.739,1,0.0968,0.0007019999999999999,0.0,0.332,0.593,144.012,audio_features,0iUano4euaiUETVUd1u0cx,spotify:track:0iUano4euaiUETVUd1u0cx,https://api.spotify.com/v1/tracks/0iUano4euaiUETVUd1u0cx,https://api.spotify.com/v1/audio-analysis/0iUano4euaiUETVUd1u0cx,192311,4,-1.690394845225467,-0.2924917153021666,0.794355787158596,2,0.7388425607444589
2,2018-12-15T19:38:55Z,False,,https://open.spotify.com/user/festivalgigante,https://api.spotify.com/v1/users/festivalgigante,festivalgigante,user,spotify:user:festivalgigante,album,"[{'external_urls': {'spotify': 'https://open.spotify.com/artist/35YNL4wwv11ZkmeWWL51y7'}, 'href': 'https://api.spotify.com/v1/artists/35YNL4wwv11ZkmeWWL51y7', 'id': '35YNL4wwv11ZkmeWWL51y7', 'name': 'We Are Scientists', 'type': 'artist', 'uri': 'spotify:artist:35YNL4wwv11ZkmeWWL51y7'}]","['AD', 'AE', 'AR', 'AT', 'AU', 'BE', 'BG', 'BH', 'BO', 'BR', 'CA', 'CH', 'CL', 'CO', 'CR', 'CY', 'CZ', 'DE', 'DK', 'DO', 'DZ', 'EC', 'EE', 'EG', 'ES', 'FI', 'FR', 'GB', 'GR', 'GT', 'HK', 'HN', 'HU', 'ID', 'IE', 'IL', 'IN', 'IS', 'IT', 'JO', 'JP', 'KW', 'LB', 'LI', 'LT', 'LU', 'LV', 'MA', 'MC', 'MT', 'MX', 'MY', 'NI', 'NL', 'NO', 'NZ', 'OM', 'PA', 'PE', 'PH', 'PL', 'PS', 'PT', 'PY', 'QA', 'RO', 'SA', 'SE', 'SG', 'SK', 'SV', 'TH', 'TN', 'TR', 'TW', 'UY', 'VN', 'ZA']",{'spotify': 'https://open.spotify.com/album/4RBBsBIPdyfW1FX5McFxs8'},https://api.spotify.com/v1/albums/4RBBsBIPdyfW1FX5McFxs8,4RBBsBIPdyfW1FX5McFxs8,"[{'height': 640, 'url': 'https://i.scdn.co/image/cf12bd22574d694c58eff26a9e31ee8275ef23b0', 'width': 640}, {'height': 300, 'url': 'https://i.scdn.co/image/9df235aaefda5d3d0c2d1db7fe98f5f836e3e60e', 'width': 300}, {'height': 64, 'url': 'https://i.scdn.co/image/ce6f2d5291fca7a3f297119edb1cfe374ea564d5', 'width': 64}]",Brain Thrust Mastery,2008-01-01,day,11,album,spotify:album:4RBBsBIPdyfW1FX5McFxs8,"[{'external_urls': {'spotify': 'https://open.spotify.com/artist/35YNL4wwv11ZkmeWWL51y7'}, 'href': 'https://api.spotify.com/v1/artists/35YNL4wwv11ZkmeWWL51y7', 'id': '35YNL4wwv11ZkmeWWL51y7', 'name': 'We Are Scientists', 'type': 'artist', 'uri': 'spotify:artist:35YNL4wwv11ZkmeWWL51y7'}]","['AD', 'AE', 'AR', 'AT', 'AU', 'BE', 'BG', 'BH', 'BO', 'BR', 'CA', 'CH', 'CL', 'CO', 'CR', 'CY', 'CZ', 'DE', 'DK', 'DO', 'DZ', 'EC', 'EE', 'EG', 'ES', 'FI', 'FR', 'GB', 'GR', 'GT', 'HK', 'HN', 'HU', 'ID', 'IE', 'IL', 'IN', 'IS', 'IT', 'JO', 'JP', 'KW', 'LB', 'LI', 'LT', 'LU', 'LV', 'MA', 'MC', 'MT', 'MX', 'MY', 'NI', 'NL', 'NO', 'NZ', 'OM', 'PA', 'PE', 'PH', 'PL', 'PS', 'PT', 'PY', 'QA', 'RO', 'SA', 'SE', 'SG', 'SK', 'SV', 'TH', 'TN', 'TR', 'TW', 'UY', 'VN', 'ZA']",1,232013,False,False,GBAAA0800037,https://open.spotify.com/track/2AgiH9n8cXo0csSkEhByKe,https://api.spotify.com/v1/tracks/2AgiH9n8cXo0csSkEhByKe,2AgiH9n8cXo0csSkEhByKe,False,After Hours,45,,True,3,track,spotify:track:2AgiH9n8cXo0csSkEhByKe,,0.392,0.981,1,-4.564,0,0.0799,2.8999999999999997e-05,0.0422,0.174,0.335,160.047,audio_features,2AgiH9n8cXo0csSkEhByKe,spotify:track:2AgiH9n8cXo0csSkEhByKe,https://api.spotify.com/v1/tracks/2AgiH9n8cXo0csSkEhByKe,https://api.spotify.com/v1/audio-analysis/2AgiH9n8cXo0csSkEhByKe,232014,4,-0.4946972650395691,-0.5660417297285661,0.908528165262544,2,0.5706702673801005
3,2018-12-15T19:40:25Z,False,,https://open.spotify.com/user/festivalgigante,https://api.spotify.com/v1/users/festivalgigante,festivalgigante,user,spotify:user:festivalgigante,album,"[{'external_urls': {'spotify': 'https://open.spotify.com/artist/35YNL4wwv11ZkmeWWL51y7'}, 'href': 'https://api.spotify.com/v1/artists/35YNL4wwv11ZkmeWWL51y7', 'id': '35YNL4wwv11ZkmeWWL51y7', 'name': 'We Are Scientists', 'type': 'artist', 'uri': 'spotify:artist:35YNL4wwv11ZkmeWWL51y7'}]","['AD', 'AE', 'AR', 'AT', 'AU', 'BE', 'BG', 'BH', 'BO', 'BR', 'CA', 'CH', 'CL', 'CO', 'CR', 'CY', 'CZ', 'DE', 'DK', 'DO', 'DZ', 'EC', 'EE', 'EG', 'ES', 'FI', 'FR', 'GB', 'GR', 'GT', 'HK', 'HN', 'HU', 'ID', 'IE', 'IL', 'IN', 'IS', 'IT', 'JO', 'JP', 'KW', 'LB', 'LI', 'LT', 'LU', 'LV', 'MA', 'MC', 'MT', 'MX', 'MY', 'NI', 'NL', 'NO', 'NZ', 'OM', 'PA', 'PE', 'PH', 'PL', 'PS', 'PT', 'PY', 'QA', 'RO', 'SA', 'SE', 'SG', 'SK', 'SV', 'TH', 'TN', 'TR', 'TW', 'US', 'UY', 'VN', 'ZA']",{'spotify': 'https://open.spotify.com/album/4UCvcLWp3JF71aZ3xgrhzt'},https://api.spotify.com/v1/albums/4UCvcLWp3JF71aZ3xgrhzt,4UCvcLWp3JF71aZ3xgrhzt,"[{'height': 640, 'url': 'https://i.scdn.co/image/e457bbd33fb988ed585f8d8b5b60a689948a988b', 'width': 640}, {'height': 300, 'url': 'https://i.scdn.co/image/a094ee4e9ababb259d16e426a216edd36425857c', 'width': 300}, {'height': 64, 'url': 'https://i.scdn.co/image/cdd00e65aa2f1b8116d2f5dbb7c0e2e1107fecaa', 'width': 64}]",Helter Seltzer,2016-04-22,day,10,album,spotify:album:4UCvcLWp3JF71aZ3xgrhzt,"[{'external_urls': {'spotify': 'https://open.spotify.com/artist/35YNL4wwv11ZkmeWWL51y7'}, 'href': 'https://api.spotify.com/v1/artists/35YNL4wwv11ZkmeWWL51y7', 'id': '35YNL4wwv11ZkmeWWL51y7', 'name': 'We Are Scientists', 'type': 'artist', 'uri': 'spotify:artist:35YNL4wwv11ZkmeWWL51y7'}]","['AD', 'AE', 'AR', 'AT', 'AU', 'BE', 'BG', 'BH', 'BO', 'BR', 'CA', 'CH', 'CL', 'CO', 'CR', 'CY', 'CZ', 'DE', 'DK', 'DO', 'DZ', 'EC', 'EE', 'EG', 'ES', 'FI', 'FR', 'GB', 'GR', 'GT', 'HK', 'HN', 'HU', 'ID', 'IE', 'IL', 'IN', 'IS', 'IT', 'JO', 'JP', 'KW', 'LB', 'LI', 'LT', 'LU', 'LV', 'MA', 'MC', 'MT', 'MX', 'MY', 'NI', 'NL', 'NO', 'NZ', 'OM', 'PA', 'PE', 'PH', 'PL', 'PS', 'PT', 'PY', 'QA', 'RO', 'SA', 'SE', 'SG', 'SK', 'SV', 'TH', 'TN', 'TR', 'TW', 'US', 'UY', 'VN', 'ZA']",1,177866,False,False,GB2YG1600025,https://open.spotify.com/track/0MKGutXLPRWkOf1m47BxsM,https://api.spotify.com/v1/tracks/0MKGutXLPRWkOf1m47BxsM,0MKGutXLPRWkOf1m47BxsM,False,Buckle,39,https://p.scdn.co/mp3-preview/d147243025ec5adf0a3993b6e13bdcc520f63489?cid=22e782a724264812b124038bbf783396,True,1,track,spotify:track:0MKGutXLPRWkOf1m47BxsM,,0.426,0.9540000000000001,6,-3.407,0,0.102,0.11900000000000001,0.0,0.168,0.22399999999999998,91.94200000000001,audio_features,0MKGutXLPRWkOf1m47BxsM,spotify:track:0MKGutXLPRWkOf1m47BxsM,https://api.spotify.com/v1/tracks/0MKGutXLPRWkOf1m47BxsM,https://api.spotify.com/v1/audio-analysis/0MKGutXLPRWkOf1m47BxsM,177867,4,0.6601289115206036,-1.745106045121479,1.58446873538206,2,2.155104162723064
4,2018-12-15T19:40:35Z,False,,https://open.spotify.com/user/festivalgigante,https://api.spotify.com/v1/users/festivalgigante,festivalgigante,user,spotify:user:festivalgigante,album,"[{'external_urls': {'spotify': 'https://open.spotify.com/artist/35YNL4wwv11ZkmeWWL51y7'}, 'href': 'https://api.spotify.com/v1/artists/35YNL4wwv11ZkmeWWL51y7', 'id': '35YNL4wwv11ZkmeWWL51y7', 'name': 'We Are Scientists', 'type': 'artist', 'uri': 'spotify:artist:35YNL4wwv11ZkmeWWL51y7'}]","['AD', 'AE', 'AR', 'AT', 'AU', 'BE', 'BG', 'BH', 'BO', 'BR', 'CA', 'CH', 'CL', 'CO', 'CR', 'CY', 'CZ', 'DE', 'DK', 'DO', 'DZ', 'EC', 'EE', 'EG', 'ES', 'FI', 'FR', 'GB', 'GR', 'GT', 'HK', 'HN', 'HU', 'ID', 'IE', 'IL', 'IN', 'IS', 'IT', 'JO', 'JP', 'KW', 'LB', 'LI', 'LT', 'LU', 'LV', 'MA', 'MC', 'MT', 'MX', 'MY', 'NI', 'NL', 'NO', 'NZ', 'OM', 'PA', 'PE', 'PH', 'PL', 'PS', 'PT', 'PY', 'QA', 'RO', 'SA', 'SE', 'SG', 'SK', 'SV', 'TH', 'TN', 'TR', 'TW', 'US', 'UY', 'VN', 'ZA']",{'spotify': 'https://open.spotify.com/album/2IQ6OI4Yt3yZtB8j5E2lsa'},https://api.spotify.com/v1/albums/2IQ6OI4Yt3yZtB8j5E2lsa,2IQ6OI4Yt3yZtB8j5E2lsa,"[{'height': 640, 'url': 'https://i.scdn.co/image/fef85037d2f1df4f349359ff51431d308712dd54', 'width': 640}, {'height': 300, 'url': 'https://i.scdn.co/image/a427891e83b46f9411cd731ac1929a4380243931', 'width': 300}, {'height': 64, 'url': 'https://i.scdn.co/image/4657cde20597be591452b8f76350049bb360b34c', 'width': 64}]",With Love And Squalor,2005-01-01,day,12,album,spotify:album:2IQ6OI4Yt3yZtB8j5E2lsa,"[{'external_urls': {'spotify': 'https://open.spotify.com/artist/35YNL4wwv11ZkmeWWL51y7'}, 'href': 'https://api.spotify.com/v1/artists/35YNL4wwv11ZkmeWWL51y7', 'id': '35YNL4wwv11ZkmeWWL51y7', 'name': 'We Are Scientists', 'type': 'artist', 'uri': 'spotify:artist:35YNL4wwv11ZkmeWWL51y7'}]","['AD', 'AE', 'AR', 'AT', 'AU', 'BE', 'BG', 'BH', 'BO', 'BR', 'CA', 'CH', 'CL', 'CO', 'CR', 'CY', 'CZ', 'DE', 'DK', 'DO', 'DZ', 'EC', 'EE', 'EG', 'ES', 'FI', 'FR', 'GB', 'GR', 'GT', 'HK', 'HN', 'HU', 'ID', 'IE', 'IL', 'IN', 'IS', 'IT', 'JO', 'JP', 'KW', 'LB', 'LI', 'LT', 'LU', 'LV', 'MA', 'MC', 'MT', 'MX', 'MY', 'NI', 'NL', 'NO', 'NZ', 'OM', 'PA', 'PE', 'PH', 'PL', 'PS', 'PT', 'PY', 'QA', 'RO', 'SA', 'SE', 'SG', 'SK', 'SV', 'TH', 'TN', 'TR', 'TW', 'US', 'UY', 'VN', 'ZA']",1,223738,False,False,USVI20500337,https://open.spotify.com/track/1RPU4PqQM4pxL4iCK03iM9,https://api.spotify.com/v1/tracks/1RPU4PqQM4pxL4iCK03iM9,1RPU4PqQM4pxL4iCK03iM9,False,This Scene Is Dead,38,,True,2,track,spotify:track:1RPU4PqQM4pxL4iCK03iM9,,0.38,0.966,6,-4.835,0,0.207,0.000221,0.000819,0.327,0.368,154.009,audio_features,1RPU4PqQM4pxL4iCK03iM9,spotify:track:1RPU4PqQM4pxL4iCK03iM9,https://api.spotify.com/v1/tracks/1RPU4PqQM4pxL4iCK03iM9,https://api.spotify.com/v1/audio-analysis/1RPU4PqQM4pxL4iCK03iM9,223739,4,-0.85555242777454,-2.3958267582238606,1.2919184332173228,2,1.7981423650665138
5,2018-12-15T19:41:05Z,False,,https://open.spotify.com/user/festivalgigante,https://api.spotify.com/v1/users/festivalgigante,festivalgigante,user,spotify:user:festivalgigante,album,"[{'external_urls': {'spotify': 'https://open.spotify.com/artist/1PVE74Pf9ejCjOzdxlsHC6'}, 'href': 'https://api.spotify.com/v1/artists/1PVE74Pf9ejCjOzdxlsHC6', 'id': '1PVE74Pf9ejCjOzdxlsHC6', 'name': 'La Habitación Roja', 'type': 'artist', 'uri': 'spotify:artist:1PVE74Pf9ejCjOzdxlsHC6'}]","['AD', 'AE', 'AR', 'AT', 'AU', 'BE', 'BG', 'BH', 'BO', 'BR', 'CA', 'CH', 'CL', 'CO', 'CR', 'CY', 'CZ', 'DE', 'DK', 'DO', 'DZ', 'EC', 'EE', 'EG', 'ES', 'FI', 'FR', 'GB', 'GR', 'GT', 'HK', 'HN', 'HU', 'ID', 'IE', 'IL', 'IN', 'IS', 'IT', 'JO', 'JP', 'KW', 'LB', 'LI', 'LT', 'LU', 'LV', 'MA', 'MC', 'MT', 'MX', 'MY', 'NI', 'NL', 'NO', 'NZ', 'OM', 'PA', 'PE', 'PH', 'PL', 'PS', 'PT', 'PY', 'QA', 'RO', 'SA', 'SE', 'SG', 'SK', 'SV', 'TH', 'TN', 'TR', 'TW', 'US', 'UY', 'VN', 'ZA']",{'spotify': 'https://open.spotify.com/album/2ILUlp4VoWlIp72aVYgS0q'},https://api.spotify.com/v1/albums/2ILUlp4VoWlIp72aVYgS0q,2ILUlp4VoWlIp72aVYgS0q,"[{'height': 640, 'url': 'https://i.scdn.co/image/84bb565f757a3360e33271ce269848fa72f6879b', 'width': 640}, {'height': 300, 'url': 'https://i.scdn.co/image/d388dea4d4142459aeb8ef82a66a7b6a6c128f27', 'width': 300}, {'height': 64, 'url': 'https://i.scdn.co/image/405492070585cecb85c3a4cc4bf8cc3c1f9a498e', 'width': 64}]",Fue Eléctrico,2012-01-01,day,11,album,spotify:album:2ILUlp4VoWlIp72aVYgS0q,"[{'external_urls': {'spotify': 'https://open.spotify.com/artist/1PVE74Pf9ejCjOzdxlsHC6'}, 'href': 'https://api.spotify.com/v1/artists/1PVE74Pf9ejCjOzdxlsHC6', 'id': '1PVE74Pf9ejCjOzdxlsHC6', 'name': 'La Habitación Roja', 'type': 'artist', 'uri': 'spotify:artist:1PVE74Pf9ejCjOzdxlsHC6'}]","['AD', 'AE', 'AR', 'AT', 'AU', 'BE', 'BG', 'BH', 'BO', 'BR', 'CA', 'CH', 'CL', 'CO', 'CR', 'CY', 'CZ', 'DE', 'DK', 'DO', 'DZ', 'EC', 'EE', 'EG', 'ES', 'FI', 'FR', 'GB', 'GR', 'GT', 'HK', 'HN', 'HU', 'ID', 'IE', 'IL', 'IN', 'IS', 'IT', 'JO', 'JP', 'KW', 'LB', 'LI', 'LT', 'LU', 'LV', 'MA', 'MC', 'MT', 'MX', 'MY', 'NI', 'NL', 'NO', 'NZ', 'OM', 'PA', 'PE', 'PH', 'PL', 'PS', 'PT', 'PY', 'QA', 'RO', 'SA', 'SE', 'SG', 'SK', 'SV', 'TH', 'TN', 'TR', 'TW', 'US', 'UY', 'VN', 'ZA']",1,269560,False,False,ES7001214603,https://open.spotify.com/track/0H042a4KyYioRQEi2IauAL,https://api.spotify.com/v1/tracks/0H042a4KyYioRQEi2IauAL,0H042a4KyYioRQEi2IauAL,False,Ayer,48,https://p.scdn.co/mp3-preview/c74aee0246ecfd9361e1ab497a767df830b228ae?cid=22e782a724264812b124038bbf783396,True,3,track,spotify:track:0H042a4KyYioRQEi2IauAL,,0.48700000000000004,0.779,7,-5.319,1,0.0837,0.00221,0.00021400000000000002,0.307,0.642,142.04,audio_features,0H042a4KyYioRQEi2IauAL,spotify:track:0H042a4KyYioRQEi2IauAL,https://api.spotify.com/v1/tracks/0H042a4KyYioRQEi2IauAL,https://api.spotify.com/v1/audio-analysis/0H042a4KyYioRQEi2IauAL,269560,4,-1.6157768851334324,-0.15092834035573285,0.4306500711376066,2,0.869509557424044
6,2018-12-15T19:41:08Z,False,,https://open.spotify.com/user/festivalgigante,https://api.spotify.com/v1/users/festivalgigante,festivalgigante,user,spotify:user:festivalgigante,album,"[{'external_urls': {'spotify': 'https://open.spotify.com/artist/1PVE74Pf9ejCjOzdxlsHC6'}, 'href': 'https://api.spotify.com/v1/artists/1PVE74Pf9ejCjOzdxlsHC6', 'id': '1PVE74Pf9ejCjOzdxlsHC6', 'name': 'La Habitación Roja', 'type': 'artist', 'uri': 'spotify:artist:1PVE74Pf9ejCjOzdxlsHC6'}]","['AD', 'AE', 'AR', 'AT', 'AU', 'BE', 'BG', 'BH', 'BO', 'BR', 'CA', 'CH', 'CL', 'CO', 'CR', 'CY', 'CZ', 'DE', 'DK', 'DO', 'DZ', 'EC', 'EE', 'EG', 'ES', 'FI', 'FR', 'GB', 'GR', 'GT', 'HK', 'HN', 'HU', 'ID', 'IE', 'IL', 'IN', 'IS', 'IT', 'JO', 'JP', 'KW', 'LB', 'LI', 'LT', 'LU', 'LV', 'MA', 'MC', 'MT', 'MX', 'MY', 'NI', 'NL', 'NO', 'NZ', 'OM', 'PA', 'PE', 'PH', 'PL', 'PS', 'PT', 'PY', 'QA', 'RO', 'SA', 'SE', 'SG', 'SK', 'SV', 'TH', 'TN', 'TR', 'TW', 'US', 'UY', 'VN', 'ZA']",{'spotify': 'https://open.spotify.com/album/5c1z82Ve3sdfxgttD54j58'},https://api.spotify.com/v1/albums/5c1z82Ve3sdfxgttD54j58,5c1z82Ve3sdfxgttD54j58,"[{'height': 640, 'url': 'https://i.scdn.co/image/84bb565f757a3360e33271ce269848fa72f6879b', 'width': 640}, {'height': 300, 'url': 'https://i.scdn.co/image/d388dea4d4142459aeb8ef82a66a7b6a6c128f27', 'width': 300}, {'height': 64, 'url': 'https://i.scdn.co/image/405492070585cecb85c3a4cc4bf8cc3c1f9a498e', 'width': 64}]",Fue Eléctrico (Edición Deluxe),2012-01-01,day,14,album,spotify:album:5c1z82Ve3sdfxgttD54j58,"[{'external_urls': {'spotify': 'https://open.spotify.com/artist/1PVE74Pf9ejCjOzdxlsHC6'}, 'href': 'https://api.spotify.com/v1/artists/1PVE74Pf9ejCjOzdxlsHC6', 'id': '1PVE74Pf9ejCjOzdxlsHC6', 'name': 'La Habitación Roja', 'type': 'artist', 'uri': 'spotify:artist:1PVE74Pf9ejCjOzdxlsHC6'}]","['AD', 'AE', 'AR', 'AT', 'AU', 'BE', 'BG', 'BH', 'BO', 'BR', 'CA', 'CH', 'CL', 'CO', 'CR', 'CY', 'CZ', 'DE', 'DK', 'DO', 'DZ', 'EC', 'EE', 'EG', 'ES', 'FI', 'FR', 'GB', 'GR', 'GT', 'HK', 'HN', 'HU', 'ID', 'IE', 'IL', 'IN', 'IS', 'IT', 'JO', 'JP', 'KW', 'LB', 'LI', 'LT', 'LU', 'LV', 'MA', 'MC', 'MT', 'MX', 'MY', 'NI', 'NL', 'NO', 'NZ', 'OM', 'PA', 'PE', 'PH', 'PL', 'PS', 'PT', 'PY', 'QA', 'RO', 'SA', 'SE', 'SG', 'SK', 'SV', 'TH', 'TN', 'TR', 'TW', 'US', 'UY', 'VN', 'ZA']",1,234080,False,False,ES7001214604,https://open.spotify.com/track/2PiJrF9Z90OdmTtbbnV2mI,https://api.spotify.com/v1/tracks/2PiJrF9Z90OdmTtbbnV2mI,2PiJrF9Z90OdmTtbbnV2mI,False,Indestructibles,46,https://p.scdn.co/mp3-preview/e8d42a7fc5c6470a28067cbe47c96432bbe0f280?cid=22e782a724264812b124038bbf783396,True,4,track,spotify:track:2PiJrF9Z90OdmTtbbnV2mI,,0.315,0.539,11,-5.848,1,0.0347,0.006229999999999999,6.850000000000001e-05,0.45899999999999996,0.48200000000000004,178.138,audio_features,2PiJrF9Z90OdmTtbbnV2mI,spotify:track:2PiJrF9Z90OdmTtbbnV2mI,https://api.spotify.com/v1/tracks/2PiJrF9Z90OdmTtbbnV2mI,https://api.spotify.com/v1/audio-analysis/2PiJrF9Z90OdmTtbbnV2mI,234080,4,-3.416362260372768,-0.03616958270754804,1.3930206921478638,2,2.503218535744179
7,2018-12-15T19:41:12Z,False,,https://open.spotify.com/user/festivalgigante,https://api.spotify.com/v1/users/festivalgigante,festivalgigante,user,spotify:user:festivalgigante,album,"[{'external_urls': {'spotify': 'https://open.spotify.com/artist/1PVE74Pf9ejCjOzdxlsHC6'}, 'href': 'https://api.spotify.com/v1/artists/1PVE74Pf9ejCjOzdxlsHC6', 'id': '1PVE74Pf9ejCjOzdxlsHC6', 'name': 'La Habitación Roja', 'type': 'artist', 'uri': 'spotify:artist:1PVE74Pf9ejCjOzdxlsHC6'}]","['AD', 'AE', 'AR', 'AT', 'AU', 'BE', 'BG', 'BH', 'BO', 'BR', 'CA', 'CH', 'CL', 'CO', 'CR', 'CY', 'CZ', 'DE', 'DK', 'DO', 'DZ', 'EC', 'EE', 'EG', 'ES', 'FI', 'FR', 'GB', 'GR', 'GT', 'HK', 'HN', 'HU', 'ID', 'IE', 'IL', 'IN', 'IS', 'IT', 'JO', 'JP', 'KW', 'LB', 'LI', 'LT', 'LU', 'LV', 'MA', 'MC', 'MT', 'MX', 'MY', 'NI', 'NL', 'NO', 'NZ', 'OM', 'PA', 'PE', 'PH', 'PL', 'PS', 'PT', 'PY', 'QA', 'RO', 'SA', 'SE', 'SG', 'SK', 'SV', 'TH', 'TN', 'TR', 'TW', 'US', 'UY', 'VN', 'ZA']",{'spotify': 'https://open.spotify.com/album/6umm6oDZPVExe0fjYltzT9'},https://api.spotify.com/v1/albums/6umm6oDZPVExe0fjYltzT9,6umm6oDZPVExe0fjYltzT9,"[{'height': 640, 'url': 'https://i.scdn.co/image/5c3c4df840c5a4a0a2e2f430380be23ddff29820', 'width': 640}, {'height': 300, 'url': 'https://i.scdn.co/image/b8fa1a1008a053371a3e8cb3f536d7d0b6cf0ff4', 'width': 300}, {'height': 64, 'url': 'https://i.scdn.co/image/90eb7912cff7357c8b0688c45d6711dfa747e377', 'width': 64}]",Universal,2010-01-01,day,11,album,spotify:album:6umm6oDZPVExe0fjYltzT9,"[{'external_urls': {'spotify': 'https://open.spotify.com/artist/1PVE74Pf9ejCjOzdxlsHC6'}, 'href': 'https://api.spotify.com/v1/artists/1PVE74Pf9ejCjOzdxlsHC6', 'id': '1PVE74Pf9ejCjOzdxlsHC6', 'name': 'La Habitación Roja', 'type': 'artist', 'uri': 'spotify:artist:1PVE74Pf9ejCjOzdxlsHC6'}]","['AD', 'AE', 'AR', 'AT', 'AU', 'BE', 'BG', 'BH', 'BO', 'BR', 'CA', 'CH', 'CL', 'CO', 'CR', 'CY', 'CZ', 'DE', 'DK', 'DO', 'DZ', 'EC', 'EE', 'EG', 'ES', 'FI', 'FR', 'GB', 'GR', 'GT', 'HK', 'HN', 'HU', 'ID', 'IE', 'IL', 'IN', 'IS', 'IT', 'JO', 'JP', 'KW', 'LB', 'LI', 'LT', 'LU', 'LV', 'MA', 'MC', 'MT', 'MX', 'MY', 'NI', 'NL', 'NO', 'NZ', 'OM', 'PA', 'PE', 'PH', 'PL', 'PS', 'PT', 'PY', 'QA', 'RO', 'SA', 'SE', 'SG', 'SK', 'SV', 'TH', 'TN', 'TR', 'TW', 'US', 'UY', 'VN', 'ZA']",1,219586,False,False,ES7001009901,https://open.spotify.com/track/4dW5lLIQSPs6g8dzg2FFT2,https://api.spotify.com/v1/tracks/4dW5lLIQSPs6g8dzg2FFT2,4dW5lLIQSPs6g8dzg2FFT2,False,Voy a Hacerte Recordar,38,https://p.scdn.co/mp3-preview/adfa634975670bb14ebefe1472a5b4fe14c5c63f?cid=22e782a724264812b124038bbf783396,True,1,track,spotify:track:4dW5lLIQSPs6g8dzg2FFT2,,0.4,0.934,5,-3.679,1,0.0458,0.00502,0.0,0.209,0.642,125.98,audio_features,4dW5lLIQSPs6g8dzg2FFT2,spotify:track:4dW5lLIQSPs6g8dzg2FFT2,https://api.spotify.com/v1/tracks/4dW5lLIQSPs6g8dzg2FFT2,https://api.spotify.com/v1/audio-analysis/4dW5lLIQSPs6g8dzg2FFT2,219587,4,-1.1375403899730356,0.19357261881297588,0.194815353734281,2,1.083505389673841
10,2018-12-15T19:42:40Z,False,,https://open.spotify.com/user/festivalgigante,https://api.spotify.com/v1/users/festivalgigante,festivalgigante,user,spotify:user:festivalgigante,single,"[{'external_urls': {'spotify': 'https://open.spotify.com/artist/2OD34UHlPmAtJJ6w0tV5Wr'}, 'href': 'https://api.spotify.com/v1/artists/2OD34UHlPmAtJJ6w0tV5Wr', 'id': '2OD34UHlPmAtJJ6w0tV5Wr', 'name': 'Las Chillers', 'type': 'artist', 'uri': 'spotify:artist:2OD34UHlPmAtJJ6w0tV5Wr'}]","['AD', 'AE', 'AR', 'AT', 'AU', 'BE', 'BG', 'BH', 'BO', 'BR', 'CA', 'CH', 'CL', 'CO', 'CR', 'CY', 'CZ', 'DE', 'DK', 'DO', 'DZ', 'EC', 'EE', 'EG', 'ES', 'FI', 'FR', 'GB', 'GR', 'GT', 'HK', 'HN', 'HU', 'ID', 'IE', 'IL', 'IN', 'IS', 'IT', 'JO', 'JP', 'KW', 'LB', 'LI', 'LT', 'LU', 'LV', 'MA', 'MC', 'MT', 'MX', 'MY', 'NI', 'NL', 'NO', 'NZ', 'OM', 'PA', 'PE', 'PH', 'PL', 'PS', 'PT', 'PY', 'QA', 'RO', 'SA', 'SE', 'SG', 'SK', 'SV', 'TH', 'TN', 'TR', 'TW', 'US', 'UY', 'VN', 'ZA']",{'spotify': 'https://open.spotify.com/album/4tvKWeETxeWqdVSROVtFIE'},https://api.spotify.com/v1/albums/4tvKWeETxeWqdVSROVtFIE,4tvKWeETxeWqdVSROVtFIE,"[{'height': 640, 'url': 'https://i.scdn.co/image/630d50e2930ef97b3150e1a602400346438f2ac0', 'width': 640}, {'height': 300, 'url': 'https://i.scdn.co/image/df441d893f259c40204f34f11e827e1e0b219594', 'width': 300}, {'height': 64, 'url': 'https://i.scdn.co/image/ab165f12bf91371a72c9d7c6e2d668d179e5f3e1', 'width': 64}]",Siempre Juntas,2018-03-02,day,1,album,spotify:album:4tvKWeETxeWqdVSROVtFIE,"[{'external_urls': {'spotify': 'https://open.spotify.com/artist/2OD34UHlPmAtJJ6w0tV5Wr'}, 'href': 'https://api.spotify.com/v1/artists/2OD34UHlPmAtJJ6w0tV5Wr', 'id': '2OD34UHlPmAtJJ6w0tV5Wr', 'name': 'Las Chillers', 'type': 'artist', 'uri': 'spotify:artist:2OD34UHlPmAtJJ6w0tV5Wr'}]","['AD', 'AE', 'AR', 'AT', 'AU', 'BE', 'BG', 'BH', 'BO', 'BR', 'CA', 'CH', 'CL', 'CO', 'CR', 'CY', 'CZ', 'DE', 'DK', 'DO', 'DZ', 'EC', 'EE', 'EG', 'ES', 'FI', 'FR', 'GB', 'GR', 'GT', 'HK', 'HN', 'HU', 'ID', 'IE', 'IL', 'IN', 'IS', 'IT', 'JO', 'JP', 'KW', 'LB', 'LI', 'LT', 'LU', 'LV', 'MA', 'MC', 'MT', 'MX', 'MY', 'NI', 'NL', 'NO', 'NZ', 'OM', 'PA', 'PE', 'PH', 'PL', 'PS', 'PT', 'PY', 'QA', 'RO', 'SA', 'SE', 'SG', 'SK', 'SV', 'TH', 'TN', 'TR', 'TW', 'US', 'UY', 'VN', 'ZA']",1,242437,False,False,QMDA61873910,https://open.spotify.com/track/5CaEz3Tf9wq1CuLcdpHwHN,https://api.spotify.com/v1/tracks/5CaEz3Tf9wq1CuLcdpHwHN,5CaEz3Tf9wq1CuLcdpHwHN,False,Siempre Juntas,25,https://p.scdn.co/mp3-preview/c2e4f0a25d7d9ba052a51881d73112e0ff5b4822?cid=22e782a724264812b124038bbf783396,True,1,track,spotify:track:5CaEz3Tf9wq1CuLcdpHwHN,,0.5539999999999999,0.996,9,-1.496,1,0.145,0.0191,0.0,0.374,0.65,144.96200000000002,audio_features,5CaEz3Tf9wq1CuLcdpHwHN,spotify:track:5CaEz3Tf9wq1CuLcdpHwHN,https://api.spotify.com/v1/tracks/5CaEz3Tf9wq1CuLcdpHwHN,https://api.spotify.com/v1/audio-analysis/5CaEz3Tf9wq1CuLcdpHwHN,242438,4,-2.4044556224677027,-1.2915504343903292,0.6976416893874127,2,1.4971878337708258
16,2018-12-15T19:44:44Z,False,,https://open.spotify.com/user/festivalgigante,https://api.spotify.com/v1/users/festivalgigante,festivalgigante,user,spotify:user:festivalgigante,album,"[{'external_urls': {'spotify': 'https://open.spotify.com/artist/6rRTrEHzGSDqhmFJQrNFMO'}, 'href': 'https://api.spotify.com/v1/artists/6rRTrEHzGSDqhmFJQrNFMO', 'id': '6rRTrEHzGSDqhmFJQrNFMO', 'name': 'Shinova', 'type': 'artist', 'uri': 'spotify:artist:6rRTrEHzGSDqhmFJQrNFMO'}]","['AD', 'AE', 'AR', 'AT', 'AU', 'BE', 'BG', 'BH', 'BO', 'BR', 'CA', 'CH', 'CL', 'CO', 'CR', 'CY', 'CZ', 'DE', 'DK', 'DO', 'DZ', 'EC', 'EE', 'EG', 'ES', 'FI', 'FR', 'GB', 'GR', 'GT', 'HK', 'HN', 'HU', 'ID', 'IE', 'IL', 'IS', 'IT', 'JO', 'JP', 'KW', 'LB', 'LI', 'LT', 'LU', 'LV', 'MA', 'MC', 'MT', 'MX', 'MY', 'NI', 'NL', 'NO', 'NZ', 'OM', 'PA', 'PE', 'PH', 'PL', 'PS', 'PT', 'PY', 'QA', 'RO', 'SA', 'SE', 'SG', 'SK', 'SV', 'TH', 'TN', 'TR', 'TW', 'US', 'UY', 'VN', 'ZA']",{'spotify': 'https://open.spotify.com/album/1n3aL4HAHXEVFIDW6Wutq8'},https://api.spotify.com/v1/albums/1n3aL4HAHXEVFIDW6Wutq8,1n3aL4HAHXEVFIDW6Wutq8,"[{'height': 640, 'url': 'https://i.scdn.co/image/f03b4d1426b80b3ece2356b62480a6ad38b28d11', 'width': 640}, {'height': 300, 'url': 'https://i.scdn.co/image/2bc69b67e85db90026e7d3e24422681e5c82f547', 'width': 300}, {'height': 64, 'url': 'https://i.scdn.co/image/5ec2d60b9fe8a9061660ae60da3d33282dd31a40', 'width': 64}]",Volver,2016-09-16,day,12,album,spotify:album:1n3aL4HAHXEVFIDW6Wutq8,"[{'external_urls': {'spotify': 'https://open.spotify.com/artist/6rRTrEHzGSDqhmFJQrNFMO'}, 'href': 'https://api.spotify.com/v1/artists/6rRTrEHzGSDqhmFJQrNFMO', 'id': '6rRTrEHzGSDqhmFJQrNFMO', 'name': 'Shinova', 'type': 'artist', 'uri': 'spotify:artist:6rRTrEHzGSDqhmFJQrNFMO'}]","['AD', 'AE', 'AR', 'AT', 'AU', 'BE', 'BG', 'BH', 'BO', 'BR', 'CA', 'CH', 'CL', 'CO', 'CR', 'CY', 'CZ', 'DE', 'DK', 'DO', 'DZ', 'EC', 'EE', 'EG', 'ES', 'FI', 'FR', 'GB', 'GR', 'GT', 'HK', 'HN', 'HU', 'ID', 'IE', 'IL', 'IS', 'IT', 'JO', 'JP', 'KW', 'LB', 'LI', 'LT', 'LU', 'LV', 'MA', 'MC', 'MT', 'MX', 'MY', 'NI', 'NL', 'NO', 'NZ', 'OM', 'PA', 'PE', 'PH', 'PL', 'PS', 'PT', 'PY', 'QA', 'RO', 'SA', 'SE', 'SG', 'SK', 'SV', 'TH', 'TN', 'TR', 'TW', 'US', 'UY', 'VN', 'ZA']",1,254773,False,False,ES5151601369,https://open.spotify.com/track/7I4gnQYXrajNWhJxPhHUjd,https://api.spotify.com/v1/tracks/7I4gnQYXrajNWhJxPhHUjd,7I4gnQYXrajNWhJxPhHUjd,False,Para cambiar el mundo,35,https://p.scdn.co/mp3-preview/ae8daa50aaa842e00e613d7a4e56ffbf35d8e083?cid=22e782a724264812b124038bbf783396,True,2,track,spotify:track:7I4gnQYXrajNWhJxPhHUjd,,0.55,0.83,6,-4.445,0,0.035,0.0151,0.0,0.0925,0.251,125.021,audio_features,7I4gnQYXrajNWhJxPhHUjd,spotify:track:7I4gnQYXrajNWhJxPhHUjd,https://api.spotify.com/v1/tracks/7I4gnQYXrajNWhJxPhHUjd,https://api.spotify.com/v1/audio-analysis/7I4gnQYXrajNWhJxPhHUjd,254773,4,-0.08704911602956451,-0.8642752228346474,0.8261379002645131,2,0.9880464491268887
19,2018-12-15T19:45:42Z,False,,https://open.spotify.com/user/festivalgigante,https://api.spotify.com/v1/users/festivalgigante,festivalgigante,user,spotify:user:festivalgigante,single,"[{'external_urls': {'spotify': 'https://open.spotify.com/artist/6f7lvc6nLaTvShpNCJNveE'}, 'href': 'https://api.spotify.com/v1/artists/6f7lvc6nLaTvShpNCJNveE', 'id': '6f7lvc6nLaTvShpNCJNveE', 'name': 'Embusteros', 'type': 'artist', 'uri': 'spotify:artist:6f7lvc6nLaTvShpNCJNveE'}]","['AD', 'AE', 'AR', 'AT', 'AU', 'BE', 'BG', 'BH', 'BO', 'BR', 'CA', 'CH', 'CL', 'CO', 'CR', 'CY', 'CZ', 'DE', 'DK', 'DO', 'DZ', 'EC', 'EE', 'EG', 'ES', 'FI', 'FR', 'GB', 'GR', 'GT', 'HK', 'HN', 'HU', 'ID', 'IE', 'IL', 'IN', 'IS', 'IT', 'JO', 'JP', 'KW', 'LB', 'LI', 'LT', 'LU', 'LV', 'MA', 'MC', 'MT', 'MX', 'MY', 'NI', 'NL', 'NO', 'NZ', 'OM', 'PA', 'PE', 'PH', 'PL', 'PS', 'PT', 'PY', 'QA', 'RO', 'SA', 'SE', 'SG', 'SK', 'SV', 'TH', 'TN', 'TR', 'TW', 'US', 'UY', 'VN', 'ZA']",{'spotify': 'https://open.spotify.com/album/4kZUuIxYkqgKJQngKjXmq4'},https://api.spotify.com/v1/albums/4kZUuIxYkqgKJQngKjXmq4,4kZUuIxYkqgKJQngKjXmq4,"[{'height': 640, 'url': 'https://i.scdn.co/image/75b2bda849c8585ee53fda32516e3d1b2c5c9d79', 'width': 640}, {'height': 300, 'url': 'https://i.scdn.co/image/67aa989bb92157e6752ac5ede62da64fde119a72', 'width': 300}, {'height': 64, 'url': 'https://i.scdn.co/image/49e6f11ff88d5693cd47904617e71ac182e64d75', 'width': 64}]",El Miedo,2018-11-30,day,1,album,spotify:album:4kZUuIxYkqgKJQngKjXmq4,"[{'external_urls': {'spotify': 'https://open.spotify.com/artist/6f7lvc6nLaTvShpNCJNveE'}, 'href': 'https://api.spotify.com/v1/artists/6f7lvc6nLaTvShpNCJNveE', 'id': '6f7lvc6nLaTvShpNCJNveE', 'name': 'Embusteros', 'type': 'artist', 'uri': 'spotify:artist:6f7lvc6nLaTvShpNCJNveE'}]","['AD', 'AE', 'AR', 'AT', 'AU', 'BE', 'BG', 'BH', 'BO', 'BR', 'CA', 'CH', 'CL', 'CO', 'CR', 'CY', 'CZ', 'DE', 'DK', 'DO', 'DZ', 'EC', 'EE', 'EG', 'ES', 'FI', 'FR', 'GB', 'GR', 'GT', 'HK', 'HN', 'HU', 'ID', 'IE', 'IL', 'IN', 'IS', 'IT', 'JO', 'JP', 'KW', 'LB', 'LI', 'LT', 'LU', 'LV', 'MA', 'MC', 'MT', 'MX', 'MY', 'NI', 'NL', 'NO', 'NZ', 'OM', 'PA', 'PE', 'PH', 'PL', 'PS', 'PT', 'PY', 'QA', 'RO', 'SA', 'SE', 'SG', 'SK', 'SV', 'TH', 'TN', 'TR', 'TW', 'US', 'UY', 'VN', 'ZA']",1,230761,False,False,ES71G1874064,https://open.spotify.com/track/5cyhq6uNv7FdiXSEqiTbZ4,https://api.spotify.com/v1/tracks/5cyhq6uNv7FdiXSEqiTbZ4,5cyhq6uNv7FdiXSEqiTbZ4,False,El Miedo,20,https://p.scdn.co/mp3-preview/176c7eeaa7ee89af87ded2a48d8d0fc89541f21d?cid=22e782a724264812b124038bbf783396,True,1,track,spotify:track:5cyhq6uNv7FdiXSEqiTbZ4,,0.43799999999999994,0.878,8,-3.679,0,0.0837,0.00043499999999999995,2.2800000000000002e-05,0.185,0.49200000000000005,168.003,audio_features,5cyhq6uNv7FdiXSEqiTbZ4,spotify:track:5cyhq6uNv7FdiXSEqiTbZ4,https://api.spotify.com/v1/tracks/5cyhq6uNv7FdiXSEqiTbZ4,https://api.spotify.com/v1/audio-analysis/5cyhq6uNv7FdiXSEqiTbZ4,230761,4,-1.4928792314511021,-1.3404304502055997,-0.050072462747874386,2,1.210314061927705
23,2018-12-15T19:46:33Z,False,,https://open.spotify.com/user/festivalgigante,https://api.spotify.com/v1/users/festivalgigante,festivalgigante,user,spotify:user:festivalgigante,album,"[{'external_urls': {'spotify': 'https://open.spotify.com/artist/1JwhzFROpPDbDbstMTY7cF'}, 'href': 'https://api.spotify.com/v1/artists/1JwhzFROpPDbDbstMTY7cF', 'id': '1JwhzFROpPDbDbstMTY7cF', 'name': 'Ladilla Rusa', 'type': 'artist', 'uri': 'spotify:artist:1JwhzFROpPDbDbstMTY7cF'}]","['AD', 'AE', 'AR', 'AT', 'AU', 'BE', 'BG', 'BH', 'BO', 'BR', 'CA', 'CH', 'CL', 'CO', 'CR', 'CY', 'CZ', 'DE', 'DK', 'DO', 'DZ', 'EC', 'EE', 'EG', 'ES', 'FI', 'FR', 'GB', 'GR', 'GT', 'HK', 'HN', 'HU', 'ID', 'IE', 'IL', 'IN', 'IS', 'IT', 'JO', 'JP', 'KW', 'LB', 'LI', 'LT', 'LU', 'LV', 'MA', 'MC', 'MT', 'MX', 'MY', 'NI', 'NL', 'NO', 'NZ', 'OM', 'PA', 'PE', 'PH', 'PL', 'PS', 'PT', 'PY', 'QA', 'RO', 'SA', 'SE', 'SG', 'SK', 'SV', 'TH', 'TN', 'TR', 'TW', 'US', 'UY', 'VN', 'ZA']",{'spotify': 'https://open.spotify.com/album/0d5Uc8WQHb1PQdEuoQSHuE'},https://api.spotify.com/v1/albums/0d5Uc8WQHb1PQdEuoQSHuE,0d5Uc8WQHb1PQdEuoQSHuE,"[{'height': 640, 'url': 'https://i.scdn.co/image/2fe2f58faf656a2cbc3c8a5c2a27b4c1335805e4', 'width': 640}, {'height': 300, 'url': 'https://i.scdn.co/image/ab3c3a399de4fbcb09b06c54a819efc178b2ceca', 'width': 300}, {'height': 64, 'url': 'https://i.scdn.co/image/94c7108f66ba3fd1686c77d063d79fb901c6cf40', 'width': 64}]",Estado del malestar,2018-02-23,day,10,album,spotify:album:0d5Uc8WQHb1PQdEuoQSHuE,"[{'external_urls': {'spotify': 'https://open.spotify.com/artist/1JwhzFROpPDbDbstMTY7cF'}, 'href': 'https://api.spotify.com/v1/artists/1JwhzFROpPDbDbstMTY7cF', 'id': '1JwhzFROpPDbDbstMTY7cF', 'name': 'Ladilla Rusa', 'type': 'artist', 'uri': 'spotify:artist:1JwhzFROpPDbDbstMTY7cF'}]","['AD', 'AE', 'AR', 'AT', 'AU', 'BE', 'BG', 'BH', 'BO', 'BR', 'CA', 'CH', 'CL', 'CO', 'CR', 'CY', 'CZ', 'DE', 'DK', 'DO', 'DZ', 'EC', 'EE', 'EG', 'ES', 'FI', 'FR', 'GB', 'GR', 'GT', 'HK', 'HN', 'HU', 'ID', 'IE', 'IL', 'IN', 'IS', 'IT', 'JO', 'JP', 'KW', 'LB', 'LI', 'LT', 'LU', 'LV', 'MA', 'MC', 'MT', 'MX', 'MY', 'NI', 'NL', 'NO', 'NZ', 'OM', 'PA', 'PE', 'PH', 'PL', 'PS', 'PT', 'PY', 'QA', 'RO', 'SA', 'SE', 'SG', 'SK', 'SV', 'TH', 'TN', 'TR', 'TW', 'US', 'UY', 'VN', 'ZA']",1,146166,False,True,ES11C1800836,https://open.spotify.com/track/5juq5e1eTYRIG2IqkVmz7x,https://api.spotify.com/v1/tracks/5juq5e1eTYRIG2IqkVmz7x,5juq5e1eTYRIG2IqkVmz7x,False,Princesas,36,https://p.scdn.co/mp3-preview/440cc79bc7b9ac1f8329f791aef71e6e3bb64732?cid=22e782a724264812b124038bbf783396,True,4,track,spotify:track:5juq5e1eTYRIG2IqkVmz7x,,0.685,0.915,10,-5.119,0,0.0819,0.0213,0.0,0.127,0.445,96.137,audio_features,5juq5e1eTYRIG2IqkVmz7x,spotify:track:5juq5e1eTYRIG2IqkVmz7x,https://api.spotify.com/v1/tracks/5juq5e1eTYRIG2IqkVmz7x,https://api.spotify.com/v1/audio-analysis/5juq5e1eTYRIG2IqkVmz7x,146166,4,0.23211335859285165,-1.5420564060753619,0.23619177018062099,2,1.6750355051747698
32,2019-02-06T11:10:31Z,False,,https://open.spotify.com/user/festivalgigante,https://api.spotify.com/v1/users/festivalgigante,festivalgigante,user,spotify:user:festivalgigante,album,"[{'external_urls': {'spotify': 'https://open.spotify.com/artist/7uLePkJ2f0MwEcphODfkuu'}, 'href': 'https://api.spotify.com/v1/artists/7uLePkJ2f0MwEcphODfkuu', 'id': '7uLePkJ2f0MwEcphODfkuu', 'name': 'Zahara', 'type': 'artist', 'uri': 'spotify:artist:7uLePkJ2f0MwEcphODfkuu'}]","['AD', 'AE', 'AR', 'AT', 'AU', 'BE', 'BG', 'BH', 'BO', 'BR', 'CA', 'CH', 'CL', 'CO', 'CR', 'CY', 'CZ', 'DE', 'DK', 'DO', 'DZ', 'EC', 'EE', 'EG', 'ES', 'FI', 'FR', 'GB', 'GR', 'GT', 'HK', 'HN', 'HU', 'ID', 'IE', 'IL', 'IN', 'IS', 'IT', 'JO', 'JP', 'KW', 'LB', 'LI', 'LT', 'LU', 'LV', 'MA', 'MC', 'MT', 'MX', 'MY', 'NI', 'NL', 'NO', 'NZ', 'OM', 'PA', 'PE', 'PH', 'PL', 'PS', 'PT', 'PY', 'QA', 'RO', 'SA', 'SE', 'SG', 'SK', 'SV', 'TH', 'TN', 'TR', 'TW', 'US', 'UY', 'VN', 'ZA']",{'spotify': 'https://open.spotify.com/album/4gWtjomCeU3YhLS6vlRtvT'},https://api.spotify.com/v1/albums/4gWtjomCeU3YhLS6vlRtvT,4gWtjomCeU3YhLS6vlRtvT,"[{'height': 640, 'url': 'https://i.scdn.co/image/991f9b24f9378843180727b43a85841eca859b37', 'width': 640}, {'height': 300, 'url': 'https://i.scdn.co/image/ae89f25fe477af167675793895a18ec8006fa2ad', 'width': 300}, {'height': 64, 'url': 'https://i.scdn.co/image/96dd060b023bc10423c67f258a9a8ba59b2da55a', 'width': 64}]",Astronauta (Versión Exclusiva de Spotify),2018-11-16,day,11,album,spotify:album:4gWtjomCeU3YhLS6vlRtvT,"[{'external_urls': {'spotify': 'https://open.spotify.com/artist/7uLePkJ2f0MwEcphODfkuu'}, 'href': 'https://api.spotify.com/v1/artists/7uLePkJ2f0MwEcphODfkuu', 'id': '7uLePkJ2f0MwEcphODfkuu', 'name': 'Zahara', 'type': 'artist', 'uri': 'spotify:artist:7uLePkJ2f0MwEcphODfkuu'}]","['AD', 'AE', 'AR', 'AT', 'AU', 'BE', 'BG', 'BH', 'BO', 'BR', 'CA', 'CH', 'CL', 'CO', 'CR', 'CY', 'CZ', 'DE', 'DK', 'DO', 'DZ', 'EC', 'EE', 'EG', 'ES', 'FI', 'FR', 'GB', 'GR', 'GT', 'HK', 'HN', 'HU', 'ID', 'IE', 'IL', 'IN', 'IS', 'IT', 'JO', 'JP', 'KW', 'LB', 'LI', 'LT', 'LU', 'LV', 'MA', 'MC', 'MT', 'MX', 'MY', 'NI', 'NL', 'NO', 'NZ', 'OM', 'PA', 'PE', 'PH', 'PL', 'PS', 'PT', 'PY', 'QA', 'RO', 'SA', 'SE', 'SG', 'SK', 'SV', 'TH', 'TN', 'TR', 'TW', 'US', 'UY', 'VN', 'ZA']",1,198213,False,False,ES71G1861589,https://open.spotify.com/track/2mBuWl3riZpFCQJsDIU6u2,https://api.spotify.com/v1/tracks/2mBuWl3riZpFCQJsDIU6u2,2mBuWl3riZpFCQJsDIU6u2,False,David Duchovny,38,https://p.scdn.co/mp3-preview/16a4d6aaeecf60b994e5eb8ac06a8eef51c62e7b?cid=22e782a724264812b124038bbf783396,True,1,track,spotify:track:2mBuWl3riZpFCQJsDIU6u2,,0.447,0.69,9,-4.97,1,0.0305,0.0338,4.1200000000000005e-05,0.33,0.212,145.033,audio_features,2mBuWl3riZpFCQJsDIU6u2,spotify:track:2mBuWl3riZpFCQJsDIU6u2,https://api.spotify.com/v1/tracks/2mBuWl3riZpFCQJsDIU6u2,https://api.spotify.com/v1/audio-analysis/2mBuWl3riZpFCQJsDIU6u2,198213,4,-2.0243137971565743,-0.08855935815576492,2.1345653332063836,2,1.7076586700280683
33,2019-02-06T11:12:43Z,False,,https://open.spotify.com/user/festivalgigante,https://api.spotify.com/v1/users/festivalgigante,festivalgigante,user,spotify:user:festivalgigante,album,"[{'external_urls': {'spotify': 'https://open.spotify.com/artist/7uLePkJ2f0MwEcphODfkuu'}, 'href': 'https://api.spotify.com/v1/artists/7uLePkJ2f0MwEcphODfkuu', 'id': '7uLePkJ2f0MwEcphODfkuu', 'name': 'Zahara', 'type': 'artist', 'uri': 'spotify:artist:7uLePkJ2f0MwEcphODfkuu'}]","['AD', 'AE', 'AR', 'AT', 'AU', 'BE', 'BG', 'BH', 'BO', 'BR', 'CA', 'CH', 'CL', 'CO', 'CR', 'CY', 'CZ', 'DE', 'DK', 'DO', 'DZ', 'EC', 'EE', 'EG', 'ES', 'FI', 'FR', 'GB', 'GR', 'GT', 'HK', 'HN', 'HU', 'ID', 'IE', 'IL', 'IN', 'IS', 'IT', 'JO', 'JP', 'KW', 'LB', 'LI', 'LT', 'LU', 'LV', 'MA', 'MC', 'MT', 'MX', 'MY', 'NI', 'NL', 'NO', 'NZ', 'OM', 'PA', 'PE', 'PH', 'PL', 'PS', 'PT', 'PY', 'QA', 'RO', 'SA', 'SE', 'SG', 'SK', 'SV', 'TH', 'TN', 'TR', 'TW', 'US', 'UY', 'VN', 'ZA']",{'spotify': 'https://open.spotify.com/album/4gWtjomCeU3YhLS6vlRtvT'},https://api.spotify.com/v1/albums/4gWtjomCeU3YhLS6vlRtvT,4gWtjomCeU3YhLS6vlRtvT,"[{'height': 640, 'url': 'https://i.scdn.co/image/991f9b24f9378843180727b43a85841eca859b37', 'width': 640}, {'height': 300, 'url': 'https://i.scdn.co/image/ae89f25fe477af167675793895a18ec8006fa2ad', 'width': 300}, {'height': 64, 'url': 'https://i.scdn.co/image/96dd060b023bc10423c67f258a9a8ba59b2da55a', 'width': 64}]",Astronauta (Versión Exclusiva de Spotify),2018-11-16,day,11,album,spotify:album:4gWtjomCeU3YhLS6vlRtvT,"[{'external_urls': {'spotify': 'https://open.spotify.com/artist/7uLePkJ2f0MwEcphODfkuu'}, 'href': 'https://api.spotify.com/v1/artists/7uLePkJ2f0MwEcphODfkuu', 'id': '7uLePkJ2f0MwEcphODfkuu', 'name': 'Zahara', 'type': 'artist', 'uri': 'spotify:artist:7uLePkJ2f0MwEcphODfkuu'}, {'external_urls': {'spotify': 'https://open.spotify.com/artist/4ZvaqTTKRSOdPsuNBU9kSO'}, 'href': 'https://api.spotify.com/v1/artists/4ZvaqTTKRSOdPsuNBU9kSO', 'id': '4ZvaqTTKRSOdPsuNBU9kSO', 'name': 'Santi Balmes', 'type': 'artist', 'uri': 'spotify:artist:4ZvaqTTKRSOdPsuNBU9kSO'}]","['AD', 'AE', 'AR', 'AT', 'AU', 'BE', 'BG', 'BH', 'BO', 'BR', 'CA', 'CH', 'CL', 'CO', 'CR', 'CY', 'CZ', 'DE', 'DK', 'DO', 'DZ', 'EC', 'EE', 'EG', 'ES', 'FI', 'FR', 'GB', 'GR', 'GT', 'HK', 'HN', 'HU', 'ID', 'IE', 'IL', 'IN', 'IS', 'IT', 'JO', 'JP', 'KW', 'LB', 'LI', 'LT', 'LU', 'LV', 'MA', 'MC', 'MT', 'MX', 'MY', 'NI', 'NL', 'NO', 'NZ', 'OM', 'PA', 'PE', 'PH', 'PL', 'PS', 'PT', 'PY', 'QA', 'RO', 'SA', 'SE', 'SG', 'SK', 'SV', 'TH', 'TN', 'TR', 'TW', 'US', 'UY', 'VN', 'ZA']",1,236400,False,False,ES71G1861590,https://open.spotify.com/track/3X7a1MOGvV67ndIPtfegb5,https://api.spotify.com/v1/tracks/3X7a1MOGvV67ndIPtfegb5,3X7a1MOGvV67ndIPtfegb5,False,Guerra y Paz,50,https://p.scdn.co/mp3-preview/6bceb1f55ca0427abea275bf3e5da8d13151a08a?cid=22e782a724264812b124038bbf783396,True,2,track,spotify:track:3X7a1MOGvV67ndIPtfegb5,,0.488,0.579,7,-5.332999999999999,1,0.0236,0.179,1.88e-05,0.231,0.33299999999999996,82.955,audio_features,3X7a1MOGvV67ndIPtfegb5,spotify:track:3X7a1MOGvV67ndIPtfegb5,https://api.spotify.com/v1/tracks/3X7a1MOGvV67ndIPtfegb5,https://api.spotify.com/v1/audio-analysis/3X7a1MOGvV67ndIPtfegb5,236400,4,0.14330168963175313,0.11494572869530899,1.7267655448335746,2,1.6747268112779543
40,2019-02-06T11:15:26Z,False,,https://open.spotify.com/user/festivalgigante,https://api.spotify.com/v1/users/festivalgigante,festivalgigante,user,spotify:user:festivalgigante,album,"[{'external_urls': {'spotify': 'https://open.spotify.com/artist/3Ju3bW8OaeUmfQKqMtATKr'}, 'href': 'https://api.spotify.com/v1/artists/3Ju3bW8OaeUmfQKqMtATKr', 'id': '3Ju3bW8OaeUmfQKqMtATKr', 'name': 'Second', 'type': 'artist', 'uri': 'spotify:artist:3Ju3bW8OaeUmfQKqMtATKr'}]","['AD', 'AE', 'AR', 'AT', 'AU', 'BE', 'BG', 'BH', 'BO', 'BR', 'CA', 'CH', 'CL', 'CO', 'CR', 'CY', 'CZ', 'DE', 'DK', 'DO', 'DZ', 'EC', 'EE', 'EG', 'ES', 'FI', 'FR', 'GB', 'GR', 'GT', 'HK', 'HN', 'HU', 'ID', 'IE', 'IL', 'IN', 'IS', 'IT', 'JO', 'JP', 'KW', 'LB', 'LI', 'LT', 'LU', 'LV', 'MA', 'MC', 'MT', 'MX', 'MY', 'NI', 'NL', 'NO', 'NZ', 'OM', 'PA', 'PE', 'PH', 'PL', 'PS', 'PT', 'PY', 'QA', 'RO', 'SA', 'SE', 'SG', 'SK', 'SV', 'TH', 'TN', 'TR', 'TW', 'US', 'UY', 'VN', 'ZA']",{'spotify': 'https://open.spotify.com/album/46LvwQO8b7CpqeoKlC30Pa'},https://api.spotify.com/v1/albums/46LvwQO8b7CpqeoKlC30Pa,46LvwQO8b7CpqeoKlC30Pa,"[{'height': 640, 'url': 'https://i.scdn.co/image/4913545ef86a66a9474e6edf892d37ddf78cb446', 'width': 640}, {'height': 300, 'url': 'https://i.scdn.co/image/9ec7e872009eec019f50d3979552093c9ddcdacc', 'width': 300}, {'height': 64, 'url': 'https://i.scdn.co/image/3ddf122f13128cd4de1e5d66bce2f4c89027c6f5', 'width': 64}]",Viaje Iniciático,2015-10-09,day,11,album,spotify:album:46LvwQO8b7CpqeoKlC30Pa,"[{'external_urls': {'spotify': 'https://open.spotify.com/artist/3Ju3bW8OaeUmfQKqMtATKr'}, 'href': 'https://api.spotify.com/v1/artists/3Ju3bW8OaeUmfQKqMtATKr', 'id': '3Ju3bW8OaeUmfQKqMtATKr', 'name': 'Second', 'type': 'artist', 'uri': 'spotify:artist:3Ju3bW8OaeUmfQKqMtATKr'}]","['AD', 'AE', 'AR', 'AT', 'AU', 'BE', 'BG', 'BH', 'BO', 'BR', 'CA', 'CH', 'CL', 'CO', 'CR', 'CY', 'CZ', 'DE', 'DK', 'DO', 'DZ', 'EC', 'EE', 'EG', 'ES', 'FI', 'FR', 'GB', 'GR', 'GT', 'HK', 'HN', 'HU', 'ID', 'IE', 'IL', 'IN', 'IS', 'IT', 'JO', 'JP', 'KW', 'LB', 'LI', 'LT', 'LU', 'LV', 'MA', 'MC', 'MT', 'MX', 'MY', 'NI', 'NL', 'NO', 'NZ', 'OM', 'PA', 'PE', 'PH', 'PL', 'PS', 'PT', 'PY', 'QA', 'RO', 'SA', 'SE', 'SG', 'SK', 'SV', 'TH', 'TN', 'TR', 'TW', 'US', 'UY', 'VN', 'ZA']",1,293975,False,False,ES71G1509655,https://open.spotify.com/track/25y9AiUtBKSBhxYcqzylAQ,https://api.spotify.com/v1/tracks/25y9AiUtBKSBhxYcqzylAQ,25y9AiUtBKSBhxYcqzylAQ,False,Nivel Inexperto,49,https://p.scdn.co/mp3-preview/de0e637c681785050f5a1f889005c9c09a4afa44?cid=22e782a724264812b124038bbf783396,True,2,track,spotify:track:25y9AiUtBKSBhxYcqzylAQ,,0.531,0.76,8,-3.483,1,0.0257,0.0524,0.0,0.331,0.381,95.072,audio_features,25y9AiUtBKSBhxYcqzylAQ,spotify:track:25y9AiUtBKSBhxYcqzylAQ,https://api.spotify.com/v1/tracks/25y9AiUtBKSBhxYcqzylAQ,https://api.spotify.com/v1/audio-analysis/25y9AiUtBKSBhxYcqzylAQ,293976,4,-1.2741032371695415,-0.1969256314293975,1.9540360998673718,2,1.2165476847945862
41,2019-02-06T11:15:27Z,False,,https://open.spotify.com/user/festivalgigante,https://api.spotify.com/v1/users/festivalgigante,festivalgigante,user,spotify:user:festivalgigante,album,"[{'external_urls': {'spotify': 'https://open.spotify.com/artist/3Ju3bW8OaeUmfQKqMtATKr'}, 'href': 'https://api.spotify.com/v1/artists/3Ju3bW8OaeUmfQKqMtATKr', 'id': '3Ju3bW8OaeUmfQKqMtATKr', 'name': 'Second', 'type': 'artist', 'uri': 'spotify:artist:3Ju3bW8OaeUmfQKqMtATKr'}]","['AD', 'AE', 'AR', 'AT', 'AU', 'BE', 'BG', 'BH', 'BO', 'BR', 'CA', 'CH', 'CL', 'CO', 'CR', 'CY', 'CZ', 'DE', 'DK', 'DO', 'DZ', 'EC', 'EE', 'EG', 'ES', 'FI', 'FR', 'GB', 'GR', 'GT', 'HK', 'HN', 'HU', 'ID', 'IE', 'IL', 'IN', 'IS', 'IT', 'JO', 'JP', 'KW', 'LB', 'LI', 'LT', 'LU', 'LV', 'MA', 'MC', 'MT', 'MX', 'MY', 'NI', 'NL', 'NO', 'NZ', 'OM', 'PA', 'PE', 'PH', 'PL', 'PS', 'PT', 'PY', 'QA', 'RO', 'SA', 'SE', 'SG', 'SK', 'SV', 'TH', 'TN', 'TR', 'TW', 'US', 'UY', 'VN', 'ZA']",{'spotify': 'https://open.spotify.com/album/1qW06R0Yxt6pxIZu2mzKnv'},https://api.spotify.com/v1/albums/1qW06R0Yxt6pxIZu2mzKnv,1qW06R0Yxt6pxIZu2mzKnv,"[{'height': 640, 'url': 'https://i.scdn.co/image/a42d438fd030fd6e80c1aed74873e865fae5377c', 'width': 640}, {'height': 300, 'url': 'https://i.scdn.co/image/166f4145dda7d14cbdb4873df8038cc6aebd9025', 'width': 300}, {'height': 64, 'url': 'https://i.scdn.co/image/09d7450a6aad7cb85339812e114631764299348a', 'width': 64}]",Fracciones de un Segundo,2009-01-20,day,12,album,spotify:album:1qW06R0Yxt6pxIZu2mzKnv,"[{'external_urls': {'spotify': 'https://open.spotify.com/artist/3Ju3bW8OaeUmfQKqMtATKr'}, 'href': 'https://api.spotify.com/v1/artists/3Ju3bW8OaeUmfQKqMtATKr', 'id': '3Ju3bW8OaeUmfQKqMtATKr', 'name': 'Second', 'type': 'artist', 'uri': 'spotify:artist:3Ju3bW8OaeUmfQKqMtATKr'}]","['AD', 'AE', 'AR', 'AT', 'AU', 'BE', 'BG', 'BH', 'BO', 'BR', 'CA', 'CH', 'CL', 'CO', 'CR', 'CY', 'CZ', 'DE', 'DK', 'DO', 'DZ', 'EC', 'EE', 'EG', 'ES', 'FI', 'FR', 'GB', 'GR', 'GT', 'HK', 'HN', 'HU', 'ID', 'IE', 'IL', 'IN', 'IS', 'IT', 'JO', 'JP', 'KW', 'LB', 'LI', 'LT', 'LU', 'LV', 'MA', 'MC', 'MT', 'MX', 'MY', 'NI', 'NL', 'NO', 'NZ', 'OM', 'PA', 'PE', 'PH', 'PL', 'PS', 'PT', 'PY', 'QA', 'RO', 'SA', 'SE', 'SG', 'SK', 'SV', 'TH', 'TN', 'TR', 'TW', 'US', 'UY', 'VN', 'ZA']",1,307146,False,False,ES5150801536,https://open.spotify.com/track/2UfGBO7lPSc9JUDV4BpwAu,https://api.spotify.com/v1/tracks/2UfGBO7lPSc9JUDV4BpwAu,2UfGBO7lPSc9JUDV4BpwAu,False,Rincón Exquisito,51,https://p.scdn.co/mp3-preview/f69d1ded229d633cf5b660bd8b487d4df1478595?cid=22e782a724264812b124038bbf783396,True,1,track,spotify:track:2UfGBO7lPSc9JUDV4BpwAu,,0.552,0.8590000000000001,4,-5.723,1,0.0322,0.0028399999999999996,0.000389,0.125,0.315,127.991,audio_features,2UfGBO7lPSc9JUDV4BpwAu,spotify:track:2UfGBO7lPSc9JUDV4BpwAu,https://api.spotify.com/v1/tracks/2UfGBO7lPSc9JUDV4BpwAu,https://api.spotify.com/v1/audio-analysis/2UfGBO7lPSc9JUDV4BpwAu,307147,4,-0.34004425977791675,0.5043320026810344,1.0079802708997967,2,1.3777681882568573
42,2019-02-06T11:15:29Z,False,,https://open.spotify.com/user/festivalgigante,https://api.spotify.com/v1/users/festivalgigante,festivalgigante,user,spotify:user:festivalgigante,album,"[{'external_urls': {'spotify': 'https://open.spotify.com/artist/3Ju3bW8OaeUmfQKqMtATKr'}, 'href': 'https://api.spotify.com/v1/artists/3Ju3bW8OaeUmfQKqMtATKr', 'id': '3Ju3bW8OaeUmfQKqMtATKr', 'name': 'Second', 'type': 'artist', 'uri': 'spotify:artist:3Ju3bW8OaeUmfQKqMtATKr'}]","['AD', 'AE', 'AR', 'AT', 'AU', 'BE', 'BG', 'BH', 'BO', 'BR', 'CA', 'CH', 'CL', 'CO', 'CR', 'CY', 'CZ', 'DE', 'DK', 'DO', 'DZ', 'EC', 'EE', 'EG', 'ES', 'FI', 'FR', 'GB', 'GR', 'GT', 'HK', 'HN', 'HU', 'ID', 'IE', 'IL', 'IN', 'IS', 'IT', 'JO', 'JP', 'KW', 'LB', 'LI', 'LT', 'LU', 'LV', 'MA', 'MC', 'MT', 'MX', 'MY', 'NI', 'NL', 'NO', 'NZ', 'OM', 'PA', 'PE', 'PH', 'PL', 'PS', 'PT', 'PY', 'QA', 'RO', 'SA', 'SE', 'SG', 'SK', 'SV', 'TH', 'TN', 'TR', 'TW', 'US', 'UY', 'VN', 'ZA']",{'spotify': 'https://open.spotify.com/album/2JFOVAHDhTGJ26UMUEsazX'},https://api.spotify.com/v1/albums/2JFOVAHDhTGJ26UMUEsazX,2JFOVAHDhTGJ26UMUEsazX,"[{'height': 640, 'url': 'https://i.scdn.co/image/c5d4419a2e4322f9ce7f0e8cfd79913e77c91609', 'width': 640}, {'height': 300, 'url': 'https://i.scdn.co/image/2519db509feb0e8c0584f220ad0325ec702440ee', 'width': 300}, {'height': 64, 'url': 'https://i.scdn.co/image/2f04235a29e65e41f3df3e9051aa266745231f32', 'width': 64}]",Anillos y RaÍces,2018-11-16,day,10,album,spotify:album:2JFOVAHDhTGJ26UMUEsazX,"[{'external_urls': {'spotify': 'https://open.spotify.com/artist/3Ju3bW8OaeUmfQKqMtATKr'}, 'href': 'https://api.spotify.com/v1/artists/3Ju3bW8OaeUmfQKqMtATKr', 'id': '3Ju3bW8OaeUmfQKqMtATKr', 'name': 'Second', 'type': 'artist', 'uri': 'spotify:artist:3Ju3bW8OaeUmfQKqMtATKr'}]","['AD', 'AE', 'AR', 'AT', 'AU', 'BE', 'BG', 'BH', 'BO', 'BR', 'CA', 'CH', 'CL', 'CO', 'CR', 'CY', 'CZ', 'DE', 'DK', 'DO', 'DZ', 'EC', 'EE', 'EG', 'ES', 'FI', 'FR', 'GB', 'GR', 'GT', 'HK', 'HN', 'HU', 'ID', 'IE', 'IL', 'IN', 'IS', 'IT', 'JO', 'JP', 'KW', 'LB', 'LI', 'LT', 'LU', 'LV', 'MA', 'MC', 'MT', 'MX', 'MY', 'NI', 'NL', 'NO', 'NZ', 'OM', 'PA', 'PE', 'PH', 'PL', 'PS', 'PT', 'PY', 'QA', 'RO', 'SA', 'SE', 'SG', 'SK', 'SV', 'TH', 'TN', 'TR', 'TW', 'US', 'UY', 'VN', 'ZA']",1,257213,False,False,ES71G1860428,https://open.spotify.com/track/3uRKePHo7dmlgXGZwAxgOE,https://api.spotify.com/v1/tracks/3uRKePHo7dmlgXGZwAxgOE,3uRKePHo7dmlgXGZwAxgOE,False,Mira a la Gente,41,https://p.scdn.co/mp3-preview/801d3cabcc8310570ca5ceeee1818dcaed1607d1?cid=22e782a724264812b124038bbf783396,True,1,track,spotify:track:3uRKePHo7dmlgXGZwAxgOE,,0.46399999999999997,0.902,11,-4.512,0,0.0367,0.00611,0.0247,0.326,0.7959999999999999,160.048,audio_features,3uRKePHo7dmlgXGZwAxgOE,spotify:track:3uRKePHo7dmlgXGZwAxgOE,https://api.spotify.com/v1/tracks/3uRKePHo7dmlgXGZwAxgOE,https://api.spotify.com/v1/audio-analysis/3uRKePHo7dmlgXGZwAxgOE,257213,4,-2.434185203829703,-0.9023046910105137,-0.5556850851790262,2,1.9859262134794362
43,2019-02-06T11:15:32Z,False,,https://open.spotify.com/user/festivalgigante,https://api.spotify.com/v1/users/festivalgigante,festivalgigante,user,spotify:user:festivalgigante,album,"[{'external_urls': {'spotify': 'https://open.spotify.com/artist/3Ju3bW8OaeUmfQKqMtATKr'}, 'href': 'https://api.spotify.com/v1/artists/3Ju3bW8OaeUmfQKqMtATKr', 'id': '3Ju3bW8OaeUmfQKqMtATKr', 'name': 'Second', 'type': 'artist', 'uri': 'spotify:artist:3Ju3bW8OaeUmfQKqMtATKr'}]","['AD', 'AE', 'AR', 'AT', 'AU', 'BE', 'BG', 'BH', 'BO', 'BR', 'CA', 'CH', 'CL', 'CO', 'CR', 'CY', 'CZ', 'DE', 'DK', 'DO', 'DZ', 'EC', 'EE', 'EG', 'ES', 'FI', 'FR', 'GB', 'GR', 'GT', 'HK', 'HN', 'HU', 'ID', 'IE', 'IL', 'IN', 'IS', 'IT', 'JO', 'JP', 'KW', 'LB', 'LI', 'LT', 'LU', 'LV', 'MA', 'MC', 'MT', 'MX', 'MY', 'NI', 'NL', 'NO', 'NZ', 'OM', 'PA', 'PE', 'PH', 'PL', 'PS', 'PT', 'PY', 'QA', 'RO', 'SA', 'SE', 'SG', 'SK', 'SV', 'TH', 'TN', 'TR', 'TW', 'US', 'UY', 'VN', 'ZA']",{'spotify': 'https://open.spotify.com/album/2JFOVAHDhTGJ26UMUEsazX'},https://api.spotify.com/v1/albums/2JFOVAHDhTGJ26UMUEsazX,2JFOVAHDhTGJ26UMUEsazX,"[{'height': 640, 'url': 'https://i.scdn.co/image/c5d4419a2e4322f9ce7f0e8cfd79913e77c91609', 'width': 640}, {'height': 300, 'url': 'https://i.scdn.co/image/2519db509feb0e8c0584f220ad0325ec702440ee', 'width': 300}, {'height': 64, 'url': 'https://i.scdn.co/image/2f04235a29e65e41f3df3e9051aa266745231f32', 'width': 64}]",Anillos y RaÍces,2018-11-16,day,10,album,spotify:album:2JFOVAHDhTGJ26UMUEsazX,"[{'external_urls': {'spotify': 'https://open.spotify.com/artist/3Ju3bW8OaeUmfQKqMtATKr'}, 'href': 'https://api.spotify.com/v1/artists/3Ju3bW8OaeUmfQKqMtATKr', 'id': '3Ju3bW8OaeUmfQKqMtATKr', 'name': 'Second', 'type': 'artist', 'uri': 'spotify:artist:3Ju3bW8OaeUmfQKqMtATKr'}]","['AD', 'AE', 'AR', 'AT', 'AU', 'BE', 'BG', 'BH', 'BO', 'BR', 'CA', 'CH', 'CL', 'CO', 'CR', 'CY', 'CZ', 'DE', 'DK', 'DO', 'DZ', 'EC', 'EE', 'EG', 'ES', 'FI', 'FR', 'GB', 'GR', 'GT', 'HK', 'HN', 'HU', 'ID', 'IE', 'IL', 'IN', 'IS', 'IT', 'JO', 'JP', 'KW', 'LB', 'LI', 'LT', 'LU', 'LV', 'MA', 'MC', 'MT', 'MX', 'MY', 'NI', 'NL', 'NO', 'NZ', 'OM', 'PA', 'PE', 'PH', 'PL', 'PS', 'PT', 'PY', 'QA', 'RO', 'SA', 'SE', 'SG', 'SK', 'SV', 'TH', 'TN', 'TR', 'TW', 'US', 'UY', 'VN', 'ZA']",1,250005,False,False,ES71G1867414,https://open.spotify.com/track/4SFZe7r4zGdRS55LeCmdTF,https://api.spotify.com/v1/tracks/4SFZe7r4zGdRS55LeCmdTF,4SFZe7r4zGdRS55LeCmdTF,False,En Otra Dimensión,39,https://p.scdn.co/mp3-preview/84371a916d43fad245f4a91630f644801ed3bfaf?cid=22e782a724264812b124038bbf783396,True,2,track,spotify:track:4SFZe7r4zGdRS55LeCmdTF,,0.547,0.882,2,-4.882,0,0.0321,0.00731,0.0032,0.1,0.385,131.04,audio_features,4SFZe7r4zGdRS55LeCmdTF,spotify:track:4SFZe7r4zGdRS55LeCmdTF,https://api.spotify.com/v1/tracks/4SFZe7r4zGdRS55LeCmdTF,https://api.spotify.com/v1/audio-analysis/4SFZe7r4zGdRS55LeCmdTF,250006,4,0.10267785377996548,-0.38694007506919564,0.4916094002123186,2,1.2429337892875467
44,2019-02-06T11:15:51Z,False,,https://open.spotify.com/user/festivalgigante,https://api.spotify.com/v1/users/festivalgigante,festivalgigante,user,spotify:user:festivalgigante,album,"[{'external_urls': {'spotify': 'https://open.spotify.com/artist/3Ju3bW8OaeUmfQKqMtATKr'}, 'href': 'https://api.spotify.com/v1/artists/3Ju3bW8OaeUmfQKqMtATKr', 'id': '3Ju3bW8OaeUmfQKqMtATKr', 'name': 'Second', 'type': 'artist', 'uri': 'spotify:artist:3Ju3bW8OaeUmfQKqMtATKr'}]","['AD', 'AE', 'AR', 'AT', 'AU', 'BE', 'BG', 'BH', 'BO', 'BR', 'CA', 'CH', 'CL', 'CO', 'CR', 'CY', 'CZ', 'DE', 'DK', 'DO', 'DZ', 'EC', 'EE', 'EG', 'ES', 'FI', 'FR', 'GB', 'GR', 'GT', 'HK', 'HN', 'HU', 'ID', 'IE', 'IL', 'IN', 'IS', 'IT', 'JO', 'JP', 'KW', 'LB', 'LI', 'LT', 'LU', 'LV', 'MA', 'MC', 'MT', 'MX', 'MY', 'NI', 'NL', 'NO', 'NZ', 'OM', 'PA', 'PE', 'PH', 'PL', 'PS', 'PT', 'PY', 'QA', 'RO', 'SA', 'SE', 'SG', 'SK', 'SV', 'TH', 'TN', 'TR', 'TW', 'US', 'UY', 'VN', 'ZA']",{'spotify': 'https://open.spotify.com/album/2JFOVAHDhTGJ26UMUEsazX'},https://api.spotify.com/v1/albums/2JFOVAHDhTGJ26UMUEsazX,2JFOVAHDhTGJ26UMUEsazX,"[{'height': 640, 'url': 'https://i.scdn.co/image/c5d4419a2e4322f9ce7f0e8cfd79913e77c91609', 'width': 640}, {'height': 300, 'url': 'https://i.scdn.co/image/2519db509feb0e8c0584f220ad0325ec702440ee', 'width': 300}, {'height': 64, 'url': 'https://i.scdn.co/image/2f04235a29e65e41f3df3e9051aa266745231f32', 'width': 64}]",Anillos y RaÍces,2018-11-16,day,10,album,spotify:album:2JFOVAHDhTGJ26UMUEsazX,"[{'external_urls': {'spotify': 'https://open.spotify.com/artist/3Ju3bW8OaeUmfQKqMtATKr'}, 'href': 'https://api.spotify.com/v1/artists/3Ju3bW8OaeUmfQKqMtATKr', 'id': '3Ju3bW8OaeUmfQKqMtATKr', 'name': 'Second', 'type': 'artist', 'uri': 'spotify:artist:3Ju3bW8OaeUmfQKqMtATKr'}]","['AD', 'AE', 'AR', 'AT', 'AU', 'BE', 'BG', 'BH', 'BO', 'BR', 'CA', 'CH', 'CL', 'CO', 'CR', 'CY', 'CZ', 'DE', 'DK', 'DO', 'DZ', 'EC', 'EE', 'EG', 'ES', 'FI', 'FR', 'GB', 'GR', 'GT', 'HK', 'HN', 'HU', 'ID', 'IE', 'IL', 'IN', 'IS', 'IT', 'JO', 'JP', 'KW', 'LB', 'LI', 'LT', 'LU', 'LV', 'MA', 'MC', 'MT', 'MX', 'MY', 'NI', 'NL', 'NO', 'NZ', 'OM', 'PA', 'PE', 'PH', 'PL', 'PS', 'PT', 'PY', 'QA', 'RO', 'SA', 'SE', 'SG', 'SK', 'SV', 'TH', 'TN', 'TR', 'TW', 'US', 'UY', 'VN', 'ZA']",1,240263,False,False,ES71G1867387,https://open.spotify.com/track/2TUE7khhZ2hWz845i7V90G,https://api.spotify.com/v1/tracks/2TUE7khhZ2hWz845i7V90G,2TUE7khhZ2hWz845i7V90G,False,Teatro Infinito,35,https://p.scdn.co/mp3-preview/9e3be742fadc45e9deff0c995a488431ce20efce?cid=22e782a724264812b124038bbf783396,True,3,track,spotify:track:2TUE7khhZ2hWz845i7V90G,,0.522,0.68,10,-4.458,0,0.0281,0.0164,0.000852,0.303,0.391,106.038,audio_features,2TUE7khhZ2hWz845i7V90G,spotify:track:2TUE7khhZ2hWz845i7V90G,https://api.spotify.com/v1/tracks/2TUE7khhZ2hWz845i7V90G,https://api.spotify.com/v1/audio-analysis/2TUE7khhZ2hWz845i7V90G,240263,4,-1.109577010979816,-1.24570302195779,1.3423394713412076,2,0.7629258661278161
53,2019-02-06T11:18:22Z,False,,https://open.spotify.com/user/festivalgigante,https://api.spotify.com/v1/users/festivalgigante,festivalgigante,user,spotify:user:festivalgigante,single,"[{'external_urls': {'spotify': 'https://open.spotify.com/artist/6hFSOCh03vczBDt1OY9evF'}, 'href': 'https://api.spotify.com/v1/artists/6hFSOCh03vczBDt1OY9evF', 'id': '6hFSOCh03vczBDt1OY9evF', 'name': 'Yo, Estratosférico', 'type': 'artist', 'uri': 'spotify:artist:6hFSOCh03vczBDt1OY9evF'}]","['AD', 'AE', 'AR', 'AT', 'AU', 'BE', 'BG', 'BH', 'BO', 'BR', 'CA', 'CH', 'CL', 'CO', 'CR', 'CY', 'CZ', 'DE', 'DK', 'DO', 'DZ', 'EC', 'EE', 'EG', 'ES', 'FI', 'FR', 'GB', 'GR', 'GT', 'HK', 'HN', 'HU', 'ID', 'IE', 'IL', 'IN', 'IS', 'IT', 'JO', 'JP', 'KW', 'LB', 'LI', 'LT', 'LU', 'LV', 'MA', 'MC', 'MT', 'MX', 'MY', 'NI', 'NL', 'NO', 'NZ', 'OM', 'PA', 'PE', 'PH', 'PL', 'PS', 'PT', 'PY', 'QA', 'RO', 'SA', 'SE', 'SG', 'SK', 'SV', 'TH', 'TN', 'TR', 'TW', 'US', 'UY', 'VN', 'ZA']",{'spotify': 'https://open.spotify.com/album/28K1bXtnd0PuSTxyFUJ6pz'},https://api.spotify.com/v1/albums/28K1bXtnd0PuSTxyFUJ6pz,28K1bXtnd0PuSTxyFUJ6pz,"[{'height': 640, 'url': 'https://i.scdn.co/image/fdf99b47ff2a72ef2c4d7f84d133912c033119ef', 'width': 640}, {'height': 300, 'url': 'https://i.scdn.co/image/5e42c7c0bf7f6974d2cbee2ed919f0f3b2d5c15b', 'width': 300}, {'height': 64, 'url': 'https://i.scdn.co/image/dca5b451514080583b6debf611524340aea48279', 'width': 64}]",Oporto,2018-01-26,day,1,album,spotify:album:28K1bXtnd0PuSTxyFUJ6pz,"[{'external_urls': {'spotify': 'https://open.spotify.com/artist/6hFSOCh03vczBDt1OY9evF'}, 'href': 'https://api.spotify.com/v1/artists/6hFSOCh03vczBDt1OY9evF', 'id': '6hFSOCh03vczBDt1OY9evF', 'name': 'Yo, Estratosférico', 'type': 'artist', 'uri': 'spotify:artist:6hFSOCh03vczBDt1OY9evF'}]","['AD', 'AE', 'AR', 'AT', 'AU', 'BE', 'BG', 'BH', 'BO', 'BR', 'CA', 'CH', 'CL', 'CO', 'CR', 'CY', 'CZ', 'DE', 'DK', 'DO', 'DZ', 'EC', 'EE', 'EG', 'ES', 'FI', 'FR', 'GB', 'GR', 'GT', 'HK', 'HN', 'HU', 'ID', 'IE', 'IL', 'IN', 'IS', 'IT', 'JO', 'JP', 'KW', 'LB', 'LI', 'LT', 'LU', 'LV', 'MA', 'MC', 'MT', 'MX', 'MY', 'NI', 'NL', 'NO', 'NZ', 'OM', 'PA', 'PE', 'PH', 'PL', 'PS', 'PT', 'PY', 'QA', 'RO', 'SA', 'SE', 'SG', 'SK', 'SV', 'TH', 'TN', 'TR', 'TW', 'US', 'UY', 'VN', 'ZA']",1,226957,False,False,ESA011800484,https://open.spotify.com/track/0iubTD5aBJUBKA4tJqkniX,https://api.spotify.com/v1/tracks/0iubTD5aBJUBKA4tJqkniX,0iubTD5aBJUBKA4tJqkniX,False,Oporto,7,https://p.scdn.co/mp3-preview/519bb987e8566e0c87a5f404eeb89f06f22e6980?cid=22e782a724264812b124038bbf783396,True,1,track,spotify:track:0iubTD5aBJUBKA4tJqkniX,,0.496,0.9109999999999999,9,-4.973,0,0.0442,0.000126,0.191,0.109,0.32799999999999996,143.929,audio_features,0iubTD5aBJUBKA4tJqkniX,spotify:track:0iubTD5aBJUBKA4tJqkniX,https://api.spotify.com/v1/tracks/0iubTD5aBJUBKA4tJqkniX,https://api.spotify.com/v1/audio-analysis/0iubTD5aBJUBKA4tJqkniX,226958,4,-0.6887249650896637,-0.06754472406737806,0.39996583141911646,2,0.832719249391945
54,2019-02-06T11:18:26Z,False,,https://open.spotify.com/user/festivalgigante,https://api.spotify.com/v1/users/festivalgigante,festivalgigante,user,spotify:user:festivalgigante,album,"[{'external_urls': {'spotify': 'https://open.spotify.com/artist/6hFSOCh03vczBDt1OY9evF'}, 'href': 'https://api.spotify.com/v1/artists/6hFSOCh03vczBDt1OY9evF', 'id': '6hFSOCh03vczBDt1OY9evF', 'name': 'Yo, Estratosférico', 'type': 'artist', 'uri': 'spotify:artist:6hFSOCh03vczBDt1OY9evF'}]","['AD', 'AE', 'AR', 'AT', 'AU', 'BE', 'BG', 'BH', 'BO', 'BR', 'CA', 'CH', 'CL', 'CO', 'CR', 'CY', 'CZ', 'DE', 'DK', 'DO', 'DZ', 'EC', 'EE', 'EG', 'ES', 'FI', 'FR', 'GB', 'GR', 'GT', 'HK', 'HN', 'HU', 'ID', 'IE', 'IL', 'IN', 'IS', 'IT', 'JO', 'JP', 'KW', 'LB', 'LI', 'LT', 'LU', 'LV', 'MA', 'MC', 'MT', 'MX', 'MY', 'NI', 'NL', 'NO', 'NZ', 'OM', 'PA', 'PE', 'PH', 'PL', 'PS', 'PT', 'PY', 'QA', 'RO', 'SA', 'SE', 'SG', 'SK', 'SV', 'TH', 'TN', 'TR', 'TW', 'US', 'UY', 'VN', 'ZA']",{'spotify': 'https://open.spotify.com/album/5A5VSG2n15SVr5UDsaRETY'},https://api.spotify.com/v1/albums/5A5VSG2n15SVr5UDsaRETY,5A5VSG2n15SVr5UDsaRETY,"[{'height': 640, 'url': 'https://i.scdn.co/image/524df679589fdefc0c80911611853f51994b9d5d', 'width': 640}, {'height': 300, 'url': 'https://i.scdn.co/image/07075eb9d6fc226072be5affd4db25a5bffc7dd3', 'width': 300}, {'height': 64, 'url': 'https://i.scdn.co/image/03046b181d0c60bb5361e9825fa2212f041affa1', 'width': 64}]",Japonés Hablado,2015-09-28,day,8,album,spotify:album:5A5VSG2n15SVr5UDsaRETY,"[{'external_urls': {'spotify': 'https://open.spotify.com/artist/6hFSOCh03vczBDt1OY9evF'}, 'href': 'https://api.spotify.com/v1/artists/6hFSOCh03vczBDt1OY9evF', 'id': '6hFSOCh03vczBDt1OY9evF', 'name': 'Yo, Estratosférico', 'type': 'artist', 'uri': 'spotify:artist:6hFSOCh03vczBDt1OY9evF'}]","['AD', 'AE', 'AR', 'AT', 'AU', 'BE', 'BG', 'BH', 'BO', 'BR', 'CA', 'CH', 'CL', 'CO', 'CR', 'CY', 'CZ', 'DE', 'DK', 'DO', 'DZ', 'EC', 'EE', 'EG', 'ES', 'FI', 'FR', 'GB', 'GR', 'GT', 'HK', 'HN', 'HU', 'ID', 'IE', 'IL', 'IN', 'IS', 'IT', 'JO', 'JP', 'KW', 'LB', 'LI', 'LT', 'LU', 'LV', 'MA', 'MC', 'MT', 'MX', 'MY', 'NI', 'NL', 'NO', 'NZ', 'OM', 'PA', 'PE', 'PH', 'PL', 'PS', 'PT', 'PY', 'QA', 'RO', 'SA', 'SE', 'SG', 'SK', 'SV', 'TH', 'TN', 'TR', 'TW', 'US', 'UY', 'VN', 'ZA']",1,216000,False,False,QM6N21587141,https://open.spotify.com/track/3tLCXNyQ0lcZ2gg3f5YOqi,https://api.spotify.com/v1/tracks/3tLCXNyQ0lcZ2gg3f5YOqi,3tLCXNyQ0lcZ2gg3f5YOqi,False,Un Sendero de Noche para Mi No Es un Problema,6,https://p.scdn.co/mp3-preview/95f0b5e1c36fb32f1416a2afdc55f43cc21c381a?cid=22e782a724264812b124038bbf783396,True,5,track,spotify:track:3tLCXNyQ0lcZ2gg3f5YOqi,,0.591,0.855,4,-5.664,1,0.0391,0.0302,0.0,0.478,0.213,115.161,audio_features,3tLCXNyQ0lcZ2gg3f5YOqi,spotify:track:3tLCXNyQ0lcZ2gg3f5YOqi,https://api.spotify.com/v1/tracks/3tLCXNyQ0lcZ2gg3f5YOqi,https://api.spotify.com/v1/audio-analysis/3tLCXNyQ0lcZ2gg3f5YOqi,216000,4,-1.5491306199658668,0.08075813482562368,3.362450802391267,2,2.6645703995687327
55,2019-02-06T11:18:29Z,False,,https://open.spotify.com/user/festivalgigante,https://api.spotify.com/v1/users/festivalgigante,festivalgigante,user,spotify:user:festivalgigante,album,"[{'external_urls': {'spotify': 'https://open.spotify.com/artist/6hFSOCh03vczBDt1OY9evF'}, 'href': 'https://api.spotify.com/v1/artists/6hFSOCh03vczBDt1OY9evF', 'id': '6hFSOCh03vczBDt1OY9evF', 'name': 'Yo, Estratosférico', 'type': 'artist', 'uri': 'spotify:artist:6hFSOCh03vczBDt1OY9evF'}]","['AD', 'AE', 'AR', 'AT', 'AU', 'BE', 'BG', 'BH', 'BO', 'BR', 'CA', 'CH', 'CL', 'CO', 'CR', 'CY', 'CZ', 'DE', 'DK', 'DO', 'DZ', 'EC', 'EE', 'EG', 'ES', 'FI', 'FR', 'GB', 'GR', 'GT', 'HK', 'HN', 'HU', 'ID', 'IE', 'IL', 'IN', 'IS', 'IT', 'JO', 'JP', 'KW', 'LB', 'LI', 'LT', 'LU', 'LV', 'MA', 'MC', 'MT', 'MX', 'MY', 'NI', 'NL', 'NO', 'NZ', 'OM', 'PA', 'PE', 'PH', 'PL', 'PS', 'PT', 'PY', 'QA', 'RO', 'SA', 'SE', 'SG', 'SK', 'SV', 'TH', 'TN', 'TR', 'TW', 'US', 'UY', 'VN', 'ZA']",{'spotify': 'https://open.spotify.com/album/43Wsvq3BxuYKGuxljdV9FV'},https://api.spotify.com/v1/albums/43Wsvq3BxuYKGuxljdV9FV,43Wsvq3BxuYKGuxljdV9FV,"[{'height': 640, 'url': 'https://i.scdn.co/image/662a6ef8a5af6aa18334580c8e1941fc54848b46', 'width': 640}, {'height': 300, 'url': 'https://i.scdn.co/image/58a2f0b18dce33a8cf77cce7561934e4b8bfb3e4', 'width': 300}, {'height': 64, 'url': 'https://i.scdn.co/image/f62a3fc2d3a4ddf3c2860f7343413eb782c6c2af', 'width': 64}]",Potencialmente Infinitos,2016-10-14,day,10,album,spotify:album:43Wsvq3BxuYKGuxljdV9FV,"[{'external_urls': {'spotify': 'https://open.spotify.com/artist/6hFSOCh03vczBDt1OY9evF'}, 'href': 'https://api.spotify.com/v1/artists/6hFSOCh03vczBDt1OY9evF', 'id': '6hFSOCh03vczBDt1OY9evF', 'name': 'Yo, Estratosférico', 'type': 'artist', 'uri': 'spotify:artist:6hFSOCh03vczBDt1OY9evF'}]","['AD', 'AE', 'AR', 'AT', 'AU', 'BE', 'BG', 'BH', 'BO', 'BR', 'CA', 'CH', 'CL', 'CO', 'CR', 'CY', 'CZ', 'DE', 'DK', 'DO', 'DZ', 'EC', 'EE', 'EG', 'ES', 'FI', 'FR', 'GB', 'GR', 'GT', 'HK', 'HN', 'HU', 'ID', 'IE', 'IL', 'IN', 'IS', 'IT', 'JO', 'JP', 'KW', 'LB', 'LI', 'LT', 'LU', 'LV', 'MA', 'MC', 'MT', 'MX', 'MY', 'NI', 'NL', 'NO', 'NZ', 'OM', 'PA', 'PE', 'PH', 'PL', 'PS', 'PT', 'PY', 'QA', 'RO', 'SA', 'SE', 'SG', 'SK', 'SV', 'TH', 'TN', 'TR', 'TW', 'US', 'UY', 'VN', 'ZA']",1,173733,False,False,QM4TW1657821,https://open.spotify.com/track/4x1cANlR5AQ3mqct1SAlsN,https://api.spotify.com/v1/tracks/4x1cANlR5AQ3mqct1SAlsN,4x1cANlR5AQ3mqct1SAlsN,False,"Vive Lejos, Muere Cerca",6,https://p.scdn.co/mp3-preview/2f34763aeb054d5732096b346ee4561d6fde222b?cid=22e782a724264812b124038bbf783396,True,1,track,spotify:track:4x1cANlR5AQ3mqct1SAlsN,,0.331,0.8370000000000001,11,-2.8169999999999997,0,0.0434,0.201,0.008620000000000001,0.0993,0.512,153.158,audio_features,4x1cANlR5AQ3mqct1SAlsN,spotify:track:4x1cANlR5AQ3mqct1SAlsN,https://api.spotify.com/v1/tracks/4x1cANlR5AQ3mqct1SAlsN,https://api.spotify.com/v1/audio-analysis/4x1cANlR5AQ3mqct1SAlsN,173733,4,-0.8754295759544343,-1.2021564486275362,-0.5413342550702362,2,1.5047255451650094
77,2019-03-27T12:39:54Z,False,,https://open.spotify.com/user/festivalgigante,https://api.spotify.com/v1/users/festivalgigante,festivalgigante,user,spotify:user:festivalgigante,album,"[{'external_urls': {'spotify': 'https://open.spotify.com/artist/2mMla6Lcmc5NNUVXWPmWRo'}, 'href': 'https://api.spotify.com/v1/artists/2mMla6Lcmc5NNUVXWPmWRo', 'id': '2mMla6Lcmc5NNUVXWPmWRo', 'name': 'Monterrosa', 'type': 'artist', 'uri': 'spotify:artist:2mMla6Lcmc5NNUVXWPmWRo'}]","['AD', 'AE', 'AR', 'AT', 'AU', 'BE', 'BG', 'BH', 'BO', 'BR', 'CA', 'CH', 'CL', 'CO', 'CR', 'CY', 'CZ', 'DE', 'DK', 'DO', 'DZ', 'EC', 'EE', 'EG', 'ES', 'FI', 'FR', 'GB', 'GR', 'GT', 'HK', 'HN', 'HU', 'ID', 'IE', 'IL', 'IN', 'IS', 'IT', 'JO', 'JP', 'KW', 'LB', 'LI', 'LT', 'LU', 'LV', 'MA', 'MC', 'MT', 'MX', 'MY', 'NI', 'NL', 'NO', 'NZ', 'OM', 'PA', 'PE', 'PH', 'PL', 'PS', 'PT', 'PY', 'QA', 'RO', 'SA', 'SE', 'SG', 'SK', 'SV', 'TH', 'TN', 'TR', 'TW', 'US', 'UY', 'VN', 'ZA']",{'spotify': 'https://open.spotify.com/album/3gCPtbtf20e5b8dX27xjn9'},https://api.spotify.com/v1/albums/3gCPtbtf20e5b8dX27xjn9,3gCPtbtf20e5b8dX27xjn9,"[{'height': 640, 'url': 'https://i.scdn.co/image/ddbb80eabebae2aba8281c96c9f9ed40c55e1c98', 'width': 640}, {'height': 300, 'url': 'https://i.scdn.co/image/5721d0e57d7a3040990a2ace5d25c5977a9fb151', 'width': 300}, {'height': 64, 'url': 'https://i.scdn.co/image/e9a72c72baa5912e45ad305b7f34cd7cb5f1cfbe', 'width': 64}]",Latencia,2019-02-13,day,7,album,spotify:album:3gCPtbtf20e5b8dX27xjn9,"[{'external_urls': {'spotify': 'https://open.spotify.com/artist/2mMla6Lcmc5NNUVXWPmWRo'}, 'href': 'https://api.spotify.com/v1/artists/2mMla6Lcmc5NNUVXWPmWRo', 'id': '2mMla6Lcmc5NNUVXWPmWRo', 'name': 'Monterrosa', 'type': 'artist', 'uri': 'spotify:artist:2mMla6Lcmc5NNUVXWPmWRo'}]","['AD', 'AE', 'AR', 'AT', 'AU', 'BE', 'BG', 'BH', 'BO', 'BR', 'CA', 'CH', 'CL', 'CO', 'CR', 'CY', 'CZ', 'DE', 'DK', 'DO', 'DZ', 'EC', 'EE', 'EG', 'ES', 'FI', 'FR', 'GB', 'GR', 'GT', 'HK', 'HN', 'HU', 'ID', 'IE', 'IL', 'IN', 'IS', 'IT', 'JO', 'JP', 'KW', 'LB', 'LI', 'LT', 'LU', 'LV', 'MA', 'MC', 'MT', 'MX', 'MY', 'NI', 'NL', 'NO', 'NZ', 'OM', 'PA', 'PE', 'PH', 'PL', 'PS', 'PT', 'PY', 'QA', 'RO', 'SA', 'SE', 'SG', 'SK', 'SV', 'TH', 'TN', 'TR', 'TW', 'US', 'UY', 'VN', 'ZA']",1,223636,False,False,QM4TW1975189,https://open.spotify.com/track/2wLaCOPVjUF2f8FLZmAQS2,https://api.spotify.com/v1/tracks/2wLaCOPVjUF2f8FLZmAQS2,2wLaCOPVjUF2f8FLZmAQS2,False,De vuelta,21,https://p.scdn.co/mp3-preview/79400e5f399ff24d80cd3f8a2d40b91de208e2bb?cid=22e782a724264812b124038bbf783396,True,4,track,spotify:track:2wLaCOPVjUF2f8FLZmAQS2,,0.5329999999999999,0.8859999999999999,11,-6.718999999999999,1,0.034,0.0196,0.0115,0.0932,0.159,132.01,audio_features,2wLaCOPVjUF2f8FLZmAQS2,spotify:track:2wLaCOPVjUF2f8FLZmAQS2,https://api.spotify.com/v1/tracks/2wLaCOPVjUF2f8FLZmAQS2,https://api.spotify.com/v1/audio-analysis/2wLaCOPVjUF2f8FLZmAQS2,223636,4,-0.6156707040085699,0.0694331916288095,1.0482106779259381,2,0.8763451249946357
81,2019-03-27T12:44:44Z,False,,https://open.spotify.com/user/festivalgigante,https://api.spotify.com/v1/users/festivalgigante,festivalgigante,user,spotify:user:festivalgigante,album,"[{'external_urls': {'spotify': 'https://open.spotify.com/artist/7JrMDzLZQ25BJwc4tD8jl8'}, 'href': 'https://api.spotify.com/v1/artists/7JrMDzLZQ25BJwc4tD8jl8', 'id': '7JrMDzLZQ25BJwc4tD8jl8', 'name': 'ELYELLA', 'type': 'artist', 'uri': 'spotify:artist:7JrMDzLZQ25BJwc4tD8jl8'}]","['AD', 'AE', 'AR', 'AT', 'AU', 'BE', 'BG', 'BH', 'BO', 'BR', 'CA', 'CH', 'CL', 'CO', 'CR', 'CY', 'CZ', 'DE', 'DK', 'DO', 'DZ', 'EC', 'EE', 'EG', 'ES', 'FI', 'FR', 'GB', 'GR', 'GT', 'HK', 'HN', 'HU', 'ID', 'IE', 'IL', 'IN', 'IS', 'IT', 'JO', 'JP', 'KW', 'LB', 'LI', 'LT', 'LU', 'LV', 'MA', 'MC', 'MT', 'MX', 'MY', 'NI', 'NL', 'NO', 'NZ', 'OM', 'PA', 'PE', 'PH', 'PL', 'PS', 'PT', 'PY', 'QA', 'RO', 'SA', 'SE', 'SG', 'SK', 'SV', 'TH', 'TN', 'TR', 'TW', 'US', 'UY', 'VN', 'ZA']",{'spotify': 'https://open.spotify.com/album/1xeUBjcNKwMza0TxPNnAwz'},https://api.spotify.com/v1/albums/1xeUBjcNKwMza0TxPNnAwz,1xeUBjcNKwMza0TxPNnAwz,"[{'height': 640, 'url': 'https://i.scdn.co/image/4ed2be2088c502b1b09abc4270807b74cba6a33d', 'width': 640}, {'height': 300, 'url': 'https://i.scdn.co/image/318f57bed4b10c71f810c5e674e277684c903570', 'width': 300}, {'height': 64, 'url': 'https://i.scdn.co/image/dcee0c8b0684ab35b64220265c6fc08469634c98', 'width': 64}]",LOVERS (Remixes),2018-05-11,day,7,album,spotify:album:1xeUBjcNKwMza0TxPNnAwz,"[{'external_urls': {'spotify': 'https://open.spotify.com/artist/7JrMDzLZQ25BJwc4tD8jl8'}, 'href': 'https://api.spotify.com/v1/artists/7JrMDzLZQ25BJwc4tD8jl8', 'id': '7JrMDzLZQ25BJwc4tD8jl8', 'name': 'ELYELLA', 'type': 'artist', 'uri': 'spotify:artist:7JrMDzLZQ25BJwc4tD8jl8'}, {'external_urls': {'spotify': 'https://open.spotify.com/artist/2q0UmiQE9I6rYDJSar0c2W'}, 'href': 'https://api.spotify.com/v1/artists/2q0UmiQE9I6rYDJSar0c2W', 'id': '2q0UmiQE9I6rYDJSar0c2W', 'name': 'WISEMEN PROJECT', 'type': 'artist', 'uri': 'spotify:artist:2q0UmiQE9I6rYDJSar0c2W'}]","['AD', 'AE', 'AR', 'AT', 'AU', 'BE', 'BG', 'BH', 'BO', 'BR', 'CA', 'CH', 'CL', 'CO', 'CR', 'CY', 'CZ', 'DE', 'DK', 'DO', 'DZ', 'EC', 'EE', 'EG', 'ES', 'FI', 'FR', 'GB', 'GR', 'GT', 'HK', 'HN', 'HU', 'ID', 'IE', 'IL', 'IN', 'IS', 'IT', 'JO', 'JP', 'KW', 'LB', 'LI', 'LT', 'LU', 'LV', 'MA', 'MC', 'MT', 'MX', 'MY', 'NI', 'NL', 'NO', 'NZ', 'OM', 'PA', 'PE', 'PH', 'PL', 'PS', 'PT', 'PY', 'QA', 'RO', 'SA', 'SE', 'SG', 'SK', 'SV', 'TH', 'TN', 'TR', 'TW', 'US', 'UY', 'VN', 'ZA']",1,242000,False,False,ES65D1700019,https://open.spotify.com/track/0X0qILvKv4Jfl3bS4aYZx5,https://api.spotify.com/v1/tracks/0X0qILvKv4Jfl3bS4aYZx5,0X0qILvKv4Jfl3bS4aYZx5,False,Get Away (Wise Men Project Remix),21,https://p.scdn.co/mp3-preview/ef6bf20c7a79a811ae8e27c3aae3620e00e919c8?cid=22e782a724264812b124038bbf783396,True,2,track,spotify:track:0X0qILvKv4Jfl3bS4aYZx5,,0.5660000000000001,0.9109999999999999,4,-2.314,0,0.0421,0.000275,0.00811,0.0671,0.409,130.004,audio_features,0X0qILvKv4Jfl3bS4aYZx5,spotify:track:0X0qILvKv4Jfl3bS4aYZx5,https://api.spotify.com/v1/tracks/0X0qILvKv4Jfl3bS4aYZx5,https://api.spotify.com/v1/audio-analysis/0X0qILvKv4Jfl3bS4aYZx5,242000,4,-0.28986872254459756,-0.8400668461984713,0.1939081575042206,2,1.0240815516867143
82,2019-03-27T12:44:47Z,False,,https://open.spotify.com/user/festivalgigante,https://api.spotify.com/v1/users/festivalgigante,festivalgigante,user,spotify:user:festivalgigante,single,"[{'external_urls': {'spotify': 'https://open.spotify.com/artist/2q0UmiQE9I6rYDJSar0c2W'}, 'href': 'https://api.spotify.com/v1/artists/2q0UmiQE9I6rYDJSar0c2W', 'id': '2q0UmiQE9I6rYDJSar0c2W', 'name': 'WISEMEN PROJECT', 'type': 'artist', 'uri': 'spotify:artist:2q0UmiQE9I6rYDJSar0c2W'}]","['AD', 'AE', 'AR', 'AT', 'AU', 'BE', 'BG', 'BH', 'BO', 'BR', 'CA', 'CH', 'CL', 'CO', 'CR', 'CY', 'CZ', 'DE', 'DK', 'DO', 'DZ', 'EC', 'EE', 'EG', 'ES', 'FI', 'FR', 'GB', 'GR', 'GT', 'HK', 'HN', 'HU', 'ID', 'IE', 'IL', 'IN', 'IS', 'IT', 'JO', 'JP', 'KW', 'LB', 'LI', 'LT', 'LU', 'LV', 'MA', 'MC', 'MT', 'MX', 'MY', 'NI', 'NL', 'NO', 'NZ', 'OM', 'PA', 'PE', 'PH', 'PL', 'PS', 'PT', 'PY', 'QA', 'RO', 'SA', 'SE', 'SG', 'SK', 'SV', 'TH', 'TN', 'TR', 'TW', 'US', 'UY', 'VN', 'ZA']",{'spotify': 'https://open.spotify.com/album/0g38eicyMwrraatqqZiuaq'},https://api.spotify.com/v1/albums/0g38eicyMwrraatqqZiuaq,0g38eicyMwrraatqqZiuaq,"[{'height': 640, 'url': 'https://i.scdn.co/image/82c022f92ea937a92d4af7410df182d0a219d1b2', 'width': 640}, {'height': 300, 'url': 'https://i.scdn.co/image/f9956fdb519749afa2d98cc35f18a03d6b336c02', 'width': 300}, {'height': 64, 'url': 'https://i.scdn.co/image/37d6a933fe4abbf4bbfa714bf3f586774aa58db0', 'width': 64}]",The Kids In The Dark,2018-09-14,day,1,album,spotify:album:0g38eicyMwrraatqqZiuaq,"[{'external_urls': {'spotify': 'https://open.spotify.com/artist/2q0UmiQE9I6rYDJSar0c2W'}, 'href': 'https://api.spotify.com/v1/artists/2q0UmiQE9I6rYDJSar0c2W', 'id': '2q0UmiQE9I6rYDJSar0c2W', 'name': 'WISEMEN PROJECT', 'type': 'artist', 'uri': 'spotify:artist:2q0UmiQE9I6rYDJSar0c2W'}]","['AD', 'AE', 'AR', 'AT', 'AU', 'BE', 'BG', 'BH', 'BO', 'BR', 'CA', 'CH', 'CL', 'CO', 'CR', 'CY', 'CZ', 'DE', 'DK', 'DO', 'DZ', 'EC', 'EE', 'EG', 'ES', 'FI', 'FR', 'GB', 'GR', 'GT', 'HK', 'HN', 'HU', 'ID', 'IE', 'IL', 'IN', 'IS', 'IT', 'JO', 'JP', 'KW', 'LB', 'LI', 'LT', 'LU', 'LV', 'MA', 'MC', 'MT', 'MX', 'MY', 'NI', 'NL', 'NO', 'NZ', 'OM', 'PA', 'PE', 'PH', 'PL', 'PS', 'PT', 'PY', 'QA', 'RO', 'SA', 'SE', 'SG', 'SK', 'SV', 'TH', 'TN', 'TR', 'TW', 'US', 'UY', 'VN', 'ZA']",1,233280,False,False,DEBY71800494,https://open.spotify.com/track/4K1lLITCdhb16kaYtmFO8X,https://api.spotify.com/v1/tracks/4K1lLITCdhb16kaYtmFO8X,4K1lLITCdhb16kaYtmFO8X,False,The Kids In The Dark - Original Mix,12,https://p.scdn.co/mp3-preview/2d21f2cb94299f7cc93d13ab13f62c6c43f56c95?cid=22e782a724264812b124038bbf783396,True,1,track,spotify:track:4K1lLITCdhb16kaYtmFO8X,,0.498,0.932,9,-3.2569999999999997,0,0.0632,0.00035099999999999997,0.00405,0.19399999999999998,0.426,125.031,audio_features,4K1lLITCdhb16kaYtmFO8X,spotify:track:4K1lLITCdhb16kaYtmFO8X,https://api.spotify.com/v1/tracks/4K1lLITCdhb16kaYtmFO8X,https://api.spotify.com/v1/audio-analysis/4K1lLITCdhb16kaYtmFO8X,233280,4,-0.9602099042604031,-1.4367942679245211,0.5499353648514205,2,0.8355109108659333
95,2019-03-27T12:56:41Z,False,,https://open.spotify.com/user/festivalgigante,https://api.spotify.com/v1/users/festivalgigante,festivalgigante,user,spotify:user:festivalgigante,album,"[{'external_urls': {'spotify': 'https://open.spotify.com/artist/3zDsyFTjkct51ovLMn5yPY'}, 'href': 'https://api.spotify.com/v1/artists/3zDsyFTjkct51ovLMn5yPY', 'id': '3zDsyFTjkct51ovLMn5yPY', 'name': 'CAPTAINS', 'type': 'artist', 'uri': 'spotify:artist:3zDsyFTjkct51ovLMn5yPY'}]","['AD', 'AE', 'AR', 'AT', 'AU', 'BE', 'BG', 'BH', 'BO', 'BR', 'CA', 'CH', 'CL', 'CO', 'CR', 'CY', 'CZ', 'DE', 'DK', 'DO', 'DZ', 'EC', 'EE', 'EG', 'ES', 'FI', 'FR', 'GB', 'GR', 'GT', 'HK', 'HN', 'HU', 'ID', 'IE', 'IL', 'IN', 'IS', 'IT', 'JO', 'JP', 'KW', 'LB', 'LI', 'LT', 'LU', 'LV', 'MA', 'MC', 'MT', 'MX', 'MY', 'NI', 'NL', 'NO', 'NZ', 'OM', 'PA', 'PE', 'PH', 'PL', 'PS', 'PT', 'PY', 'QA', 'RO', 'SA', 'SE', 'SG', 'SK', 'SV', 'TH', 'TN', 'TR', 'TW', 'US', 'UY', 'VN', 'ZA']",{'spotify': 'https://open.spotify.com/album/1wbAGA7qm6XB1tOuD0LKt3'},https://api.spotify.com/v1/albums/1wbAGA7qm6XB1tOuD0LKt3,1wbAGA7qm6XB1tOuD0LKt3,"[{'height': 640, 'url': 'https://i.scdn.co/image/6a83484b0107e0db0b0e321fe6ad33f703ea92ed', 'width': 640}, {'height': 300, 'url': 'https://i.scdn.co/image/fd7545abccb126825d4d9667690d7ff80d4a93fa', 'width': 300}, {'height': 64, 'url': 'https://i.scdn.co/image/3aca4b4e3f328606414190e5aa7c305321fa07f4', 'width': 64}]",Pure Pleasure,2018-09-28,day,9,album,spotify:album:1wbAGA7qm6XB1tOuD0LKt3,"[{'external_urls': {'spotify': 'https://open.spotify.com/artist/3zDsyFTjkct51ovLMn5yPY'}, 'href': 'https://api.spotify.com/v1/artists/3zDsyFTjkct51ovLMn5yPY', 'id': '3zDsyFTjkct51ovLMn5yPY', 'name': 'CAPTAINS', 'type': 'artist', 'uri': 'spotify:artist:3zDsyFTjkct51ovLMn5yPY'}]","['AD', 'AE', 'AR', 'AT', 'AU', 'BE', 'BG', 'BH', 'BO', 'BR', 'CA', 'CH', 'CL', 'CO', 'CR', 'CY', 'CZ', 'DE', 'DK', 'DO', 'DZ', 'EC', 'EE', 'EG', 'ES', 'FI', 'FR', 'GB', 'GR', 'GT', 'HK', 'HN', 'HU', 'ID', 'IE', 'IL', 'IN', 'IS', 'IT', 'JO', 'JP', 'KW', 'LB', 'LI', 'LT', 'LU', 'LV', 'MA', 'MC', 'MT', 'MX', 'MY', 'NI', 'NL', 'NO', 'NZ', 'OM', 'PA', 'PE', 'PH', 'PL', 'PS', 'PT', 'PY', 'QA', 'RO', 'SA', 'SE', 'SG', 'SK', 'SV', 'TH', 'TN', 'TR', 'TW', 'US', 'UY', 'VN', 'ZA']",1,200698,False,True,ESA011818715,https://open.spotify.com/track/3SOkU5ZQUhOCepKm4f82Gt,https://api.spotify.com/v1/tracks/3SOkU5ZQUhOCepKm4f82Gt,3SOkU5ZQUhOCepKm4f82Gt,False,Broken Body,6,https://p.scdn.co/mp3-preview/8b9d027144ae2b45acfaf0491dcb55cf43cfd7c6?cid=22e782a724264812b124038bbf783396,True,2,track,spotify:track:3SOkU5ZQUhOCepKm4f82Gt,,0.39399999999999996,0.799,11,-6.313,0,0.035,0.0010400000000000001,0.00275,0.314,0.578,151.99200000000002,audio_features,3SOkU5ZQUhOCepKm4f82Gt,spotify:track:3SOkU5ZQUhOCepKm4f82Gt,https://api.spotify.com/v1/tracks/3SOkU5ZQUhOCepKm4f82Gt,https://api.spotify.com/v1/audio-analysis/3SOkU5ZQUhOCepKm4f82Gt,200698,4,-1.8910198720630997,-0.9432068546894585,0.2296997836706711,2,1.0798911286776327
96,2019-03-27T12:59:43Z,False,,https://open.spotify.com/user/festivalgigante,https://api.spotify.com/v1/users/festivalgigante,festivalgigante,user,spotify:user:festivalgigante,album,"[{'external_urls': {'spotify': 'https://open.spotify.com/artist/26q7Hz9ZpUtSeqXcUNv9Wv'}, 'href': 'https://api.spotify.com/v1/artists/26q7Hz9ZpUtSeqXcUNv9Wv', 'id': '26q7Hz9ZpUtSeqXcUNv9Wv', 'name': 'BAUER', 'type': 'artist', 'uri': 'spotify:artist:26q7Hz9ZpUtSeqXcUNv9Wv'}]","['AD', 'AE', 'AR', 'AT', 'AU', 'BE', 'BG', 'BH', 'BO', 'BR', 'CA', 'CH', 'CL', 'CO', 'CR', 'CY', 'CZ', 'DE', 'DK', 'DO', 'DZ', 'EC', 'EE', 'EG', 'ES', 'FI', 'FR', 'GB', 'GR', 'GT', 'HK', 'HN', 'HU', 'ID', 'IE', 'IL', 'IN', 'IS', 'IT', 'JO', 'JP', 'KW', 'LB', 'LI', 'LT', 'LU', 'LV', 'MA', 'MC', 'MT', 'MX', 'MY', 'NI', 'NL', 'NO', 'NZ', 'OM', 'PA', 'PE', 'PH', 'PL', 'PS', 'PT', 'PY', 'QA', 'RO', 'SA', 'SE', 'SG', 'SK', 'SV', 'TH', 'TN', 'TR', 'TW', 'US', 'UY', 'VN', 'ZA']",{'spotify': 'https://open.spotify.com/album/4K05QrVMLvTKWkrp564cLx'},https://api.spotify.com/v1/albums/4K05QrVMLvTKWkrp564cLx,4K05QrVMLvTKWkrp564cLx,"[{'height': 640, 'url': 'https://i.scdn.co/image/84ef970a5a9a038cb000d0401a4684bf5107bb1f', 'width': 640}, {'height': 300, 'url': 'https://i.scdn.co/image/80dccedf785b1b80e4a93d3cf9f5aef98de1fedb', 'width': 300}, {'height': 64, 'url': 'https://i.scdn.co/image/b624520308212ba161d4c4147b67550461a59b94', 'width': 64}]",Otra Vuelta al Sol,2018-10-05,day,10,album,spotify:album:4K05QrVMLvTKWkrp564cLx,"[{'external_urls': {'spotify': 'https://open.spotify.com/artist/26q7Hz9ZpUtSeqXcUNv9Wv'}, 'href': 'https://api.spotify.com/v1/artists/26q7Hz9ZpUtSeqXcUNv9Wv', 'id': '26q7Hz9ZpUtSeqXcUNv9Wv', 'name': 'BAUER', 'type': 'artist', 'uri': 'spotify:artist:26q7Hz9ZpUtSeqXcUNv9Wv'}]","['AD', 'AE', 'AR', 'AT', 'AU', 'BE', 'BG', 'BH', 'BO', 'BR', 'CA', 'CH', 'CL', 'CO', 'CR', 'CY', 'CZ', 'DE', 'DK', 'DO', 'DZ', 'EC', 'EE', 'EG', 'ES', 'FI', 'FR', 'GB', 'GR', 'GT', 'HK', 'HN', 'HU', 'ID', 'IE', 'IL', 'IN', 'IS', 'IT', 'JO', 'JP', 'KW', 'LB', 'LI', 'LT', 'LU', 'LV', 'MA', 'MC', 'MT', 'MX', 'MY', 'NI', 'NL', 'NO', 'NZ', 'OM', 'PA', 'PE', 'PH', 'PL', 'PS', 'PT', 'PY', 'QA', 'RO', 'SA', 'SE', 'SG', 'SK', 'SV', 'TH', 'TN', 'TR', 'TW', 'US', 'UY', 'VN', 'ZA']",1,221253,False,False,ES83G1400206,https://open.spotify.com/track/6GaYwJugmW5AhYKT7KVqeQ,https://api.spotify.com/v1/tracks/6GaYwJugmW5AhYKT7KVqeQ,6GaYwJugmW5AhYKT7KVqeQ,False,Hombre de Metal,20,https://p.scdn.co/mp3-preview/db553bf5f5297516eeda982947d5f61518373374?cid=22e782a724264812b124038bbf783396,True,7,track,spotify:track:6GaYwJugmW5AhYKT7KVqeQ,,0.5710000000000001,0.654,9,-8.135,0,0.0406,0.000968,0.000537,0.28,0.46299999999999997,157.018,audio_features,6GaYwJugmW5AhYKT7KVqeQ,spotify:track:6GaYwJugmW5AhYKT7KVqeQ,https://api.spotify.com/v1/tracks/6GaYwJugmW5AhYKT7KVqeQ,https://api.spotify.com/v1/audio-analysis/6GaYwJugmW5AhYKT7KVqeQ,221253,4,-1.29908927198545,-0.6815528269630928,0.5076844111077886,2,0.4231761195031824
